module,file_path,candidate_function_count,priority_high_count,priority_mid_count,priority_low_count,status,has_bench,has_unit_test
cuda,cuda/apps/src/kinect_cloud.cpp,0,0,0,0,unassessed,no,no
cuda,cuda/apps/src/kinect_debayering.cpp,0,0,0,0,unassessed,no,no
cuda,cuda/apps/src/kinect_dediscretize.cpp,0,0,0,0,unassessed,no,no
cuda,cuda/apps/src/kinect_mapping.cpp,0,0,0,0,unassessed,no,no
cuda,cuda/apps/src/kinect_normals_cuda.cpp,0,0,0,0,unassessed,no,no
cuda,cuda/apps/src/kinect_planes_cuda.cpp,0,0,0,0,unassessed,no,no
cuda,cuda/apps/src/kinect_ransac.cpp,0,0,0,0,unassessed,no,no
cuda,cuda/apps/src/kinect_segmentation_cuda.cpp,0,0,0,0,unassessed,no,no
cuda,cuda/apps/src/kinect_segmentation_planes_cuda.cpp,0,0,0,0,unassessed,no,no
cuda,cuda/apps/src/kinect_tool_standalone.cpp,0,0,0,0,unassessed,no,no
cuda,cuda/apps/src/kinect_viewer_cuda.cpp,0,0,0,0,unassessed,no,no
cuda,cuda/common/include/pcl/cuda/common/eigen.h,0,0,0,0,unassessed,no,no
cuda,cuda/common/include/pcl/cuda/common/point_type_rgb.h,0,0,0,0,unassessed,no,no
cuda,cuda/common/include/pcl/cuda/cutil.h,0,0,0,0,unassessed,no,no
cuda,cuda/common/include/pcl/cuda/cutil_inline.h,0,0,0,0,unassessed,no,no
cuda,cuda/common/include/pcl/cuda/cutil_inline_bankchecker.h,0,0,0,0,unassessed,no,no
cuda,cuda/common/include/pcl/cuda/cutil_inline_drvapi.h,0,0,0,0,unassessed,no,no
cuda,cuda/common/include/pcl/cuda/cutil_inline_runtime.h,0,0,0,0,unassessed,no,no
cuda,cuda/common/include/pcl/cuda/cutil_math.h,0,0,0,0,unassessed,no,no
cuda,cuda/common/include/pcl/cuda/pcl_cuda_base.h,0,0,0,0,unassessed,no,no
cuda,cuda/common/include/pcl/cuda/point_cloud.h,0,0,0,0,unassessed,no,no
cuda,cuda/common/include/pcl/cuda/point_types.h,0,0,0,0,unassessed,no,no
cuda,cuda/common/include/pcl/cuda/thrust.h,0,0,0,0,unassessed,no,no
cuda,cuda/common/include/pcl/cuda/time_cpu.h,0,0,0,0,unassessed,no,no
cuda,cuda/common/include/pcl/cuda/time_gpu.h,0,0,0,0,unassessed,no,no
cuda,cuda/features/include/pcl/cuda/features/normal_3d.h,0,0,0,0,unassessed,no,no
cuda,cuda/features/include/pcl/cuda/features/normal_3d_kernels.h,0,0,0,0,unassessed,no,no
cuda,cuda/features/src/normal_3d.cu,0,0,0,0,unassessed,no,no
cuda,cuda/filters/include/pcl/cuda/filters/filter.h,0,0,0,0,unassessed,no,no
cuda,cuda/filters/include/pcl/cuda/filters/passthrough.h,0,0,0,0,unassessed,no,no
cuda,cuda/filters/include/pcl/cuda/filters/voxel_grid.h,0,0,0,0,unassessed,no,no
cuda,cuda/io/include/pcl/cuda/io/cloud_from_pcl.h,0,0,0,0,unassessed,no,no
cuda,cuda/io/include/pcl/cuda/io/cloud_to_pcl.h,0,0,0,0,unassessed,no,no
cuda,cuda/io/include/pcl/cuda/io/debayering.h,0,0,0,0,unassessed,no,no
cuda,cuda/io/include/pcl/cuda/io/disparity_to_cloud.h,0,0,0,0,unassessed,no,no
cuda,cuda/io/include/pcl/cuda/io/extract_indices.h,0,0,0,0,unassessed,no,no
cuda,cuda/io/include/pcl/cuda/io/host_device.h,0,0,0,0,unassessed,no,no
cuda,cuda/io/include/pcl/cuda/io/kinect_smoothing.h,0,0,0,0,unassessed,no,no
cuda,cuda/io/include/pcl/cuda/io/predicate.h,0,0,0,0,unassessed,no,no
cuda,cuda/io/src/cloud_from_pcl.cu,0,0,0,0,unassessed,no,no
cuda,cuda/io/src/cloud_to_pcl.cpp,0,0,0,0,unassessed,no,no
cuda,cuda/io/src/debayering.cu,0,0,0,0,unassessed,no,no
cuda,cuda/io/src/disparity_to_cloud.cu,0,0,0,0,unassessed,no,no
cuda,cuda/io/src/extract_indices.cu,0,0,0,0,unassessed,no,no
cuda,cuda/io/src/host_device.cu,0,0,0,0,unassessed,no,no
cuda,cuda/io/src/kinect_smoothing.cu,0,0,0,0,unassessed,no,no
cuda,cuda/nn/organized_neighbor_search.h,0,0,0,0,unassessed,no,no
cuda,cuda/nn/organized_neighbor_search.hpp,0,0,0,0,unassessed,no,no
cuda,cuda/sample_consensus/include/pcl/cuda/sample_consensus/msac.h,0,0,0,0,unassessed,no,no
cuda,cuda/sample_consensus/include/pcl/cuda/sample_consensus/multi_ransac.h,0,0,0,0,unassessed,no,no
cuda,cuda/sample_consensus/include/pcl/cuda/sample_consensus/ransac.h,0,0,0,0,unassessed,no,no
cuda,cuda/sample_consensus/include/pcl/cuda/sample_consensus/sac.h,0,0,0,0,unassessed,no,no
cuda,cuda/sample_consensus/include/pcl/cuda/sample_consensus/sac_model.h,0,0,0,0,unassessed,no,no
cuda,cuda/sample_consensus/include/pcl/cuda/sample_consensus/sac_model_1point_plane.h,0,0,0,0,unassessed,no,no
cuda,cuda/sample_consensus/include/pcl/cuda/sample_consensus/sac_model_plane.h,0,0,0,0,unassessed,no,no
cuda,cuda/sample_consensus/src/msac.cpp,0,0,0,0,unassessed,no,no
cuda,cuda/sample_consensus/src/multi_ransac.cu,0,0,0,0,unassessed,no,no
cuda,cuda/sample_consensus/src/ransac.cu,0,0,0,0,unassessed,no,no
cuda,cuda/sample_consensus/src/sac_model.cu,0,0,0,0,unassessed,no,no
cuda,cuda/sample_consensus/src/sac_model_1point_plane.cu,0,0,0,0,unassessed,no,no
cuda,cuda/sample_consensus/src/sac_model_plane.cu,0,0,0,0,unassessed,no,no
cuda,cuda/segmentation/include/pcl/cuda/segmentation/connected_components.h,0,0,0,0,unassessed,no,no
cuda,cuda/segmentation/include/pcl/cuda/segmentation/mssegmentation.h,0,0,0,0,unassessed,no,no
cuda,cuda/segmentation/src/connected_components.cu,0,0,0,0,unassessed,no,no
cuda,cuda/segmentation/src/mssegmentation.cpp,0,0,0,0,unassessed,no,no
features,features/include/pcl/features/3dsc.h,0,0,0,0,unassessed,no,no
features,features/include/pcl/features/board.h,0,0,0,0,unassessed,no,no
features,features/include/pcl/features/boundary.h,0,0,0,0,unassessed,no,no
features,features/include/pcl/features/brisk_2d.h,0,0,0,0,unassessed,no,no
features,features/include/pcl/features/cppf.h,0,0,0,0,unassessed,no,no
features,features/include/pcl/features/crh.h,0,0,0,0,unassessed,no,no
features,features/include/pcl/features/cvfh.h,0,0,0,0,unassessed,no,no
features,features/include/pcl/features/don.h,0,0,0,0,unassessed,no,no
features,features/include/pcl/features/esf.h,0,0,0,0,unassessed,no,no
features,features/include/pcl/features/feature.h,0,0,0,0,unassessed,no,no
features,features/include/pcl/features/flare.h,0,0,0,0,unassessed,no,no
features,features/include/pcl/features/fpfh.h,0,0,0,0,unassessed,no,no
features,features/include/pcl/features/fpfh_omp.h,0,0,0,0,unassessed,no,no
features,features/include/pcl/features/from_meshes.h,0,0,0,0,unassessed,no,no
features,features/include/pcl/features/gasd.h,0,0,0,0,unassessed,no,no
features,features/include/pcl/features/gfpfh.h,0,0,0,0,unassessed,no,no
features,features/include/pcl/features/grsd.h,0,0,0,0,unassessed,no,no
features,features/include/pcl/features/impl/3dsc.hpp,0,0,0,0,unassessed,no,no
features,features/include/pcl/features/impl/board.hpp,0,0,0,0,unassessed,no,no
features,features/include/pcl/features/impl/boundary.hpp,0,0,0,0,unassessed,no,no
features,features/include/pcl/features/impl/brisk_2d.hpp,0,0,0,0,unassessed,no,no
features,features/include/pcl/features/impl/cppf.hpp,0,0,0,0,unassessed,no,no
features,features/include/pcl/features/impl/crh.hpp,0,0,0,0,unassessed,no,no
features,features/include/pcl/features/impl/cvfh.hpp,0,0,0,0,unassessed,no,no
features,features/include/pcl/features/impl/don.hpp,0,0,0,0,unassessed,no,no
features,features/include/pcl/features/impl/esf.hpp,0,0,0,0,unassessed,no,no
features,features/include/pcl/features/impl/feature.hpp,0,0,0,0,unassessed,no,no
features,features/include/pcl/features/impl/flare.hpp,0,0,0,0,unassessed,no,no
features,features/include/pcl/features/impl/fpfh.hpp,0,0,0,0,unassessed,no,no
features,features/include/pcl/features/impl/fpfh_omp.hpp,0,0,0,0,unassessed,no,no
features,features/include/pcl/features/impl/gasd.hpp,0,0,0,0,unassessed,no,no
features,features/include/pcl/features/impl/gfpfh.hpp,0,0,0,0,unassessed,no,no
features,features/include/pcl/features/impl/grsd.hpp,0,0,0,0,unassessed,no,no
features,features/include/pcl/features/impl/integral_image2D.hpp,0,0,0,0,unassessed,no,no
features,features/include/pcl/features/impl/integral_image_normal.hpp,0,0,0,0,unassessed,no,no
features,features/include/pcl/features/impl/intensity_gradient.hpp,0,0,0,0,unassessed,no,no
features,features/include/pcl/features/impl/intensity_spin.hpp,0,0,0,0,unassessed,no,no
features,features/include/pcl/features/impl/linear_least_squares_normal.hpp,0,0,0,0,unassessed,no,no
features,features/include/pcl/features/impl/moment_invariants.hpp,0,0,0,0,unassessed,no,no
features,features/include/pcl/features/impl/moment_of_inertia_estimation.hpp,0,0,0,0,unassessed,no,no
features,features/include/pcl/features/impl/multiscale_feature_persistence.hpp,0,0,0,0,unassessed,no,no
features,features/include/pcl/features/impl/narf.hpp,0,0,0,0,unassessed,no,no
features,features/include/pcl/features/impl/normal_3d.hpp,0,0,0,0,unassessed,no,no
features,features/include/pcl/features/impl/normal_3d_omp.hpp,0,0,0,0,unassessed,no,no
features,features/include/pcl/features/impl/normal_based_signature.hpp,0,0,0,0,unassessed,no,no
features,features/include/pcl/features/impl/organized_edge_detection.hpp,0,0,0,0,unassessed,no,no
features,features/include/pcl/features/impl/our_cvfh.hpp,0,0,0,0,unassessed,no,no
features,features/include/pcl/features/impl/pfh.hpp,0,0,0,0,unassessed,no,no
features,features/include/pcl/features/impl/pfhrgb.hpp,0,0,0,0,unassessed,no,no
features,features/include/pcl/features/impl/ppf.hpp,0,0,0,0,unassessed,no,no
features,features/include/pcl/features/impl/ppfrgb.hpp,0,0,0,0,unassessed,no,no
features,features/include/pcl/features/impl/principal_curvatures.hpp,0,0,0,0,unassessed,no,no
features,features/include/pcl/features/impl/range_image_border_extractor.hpp,0,0,0,0,unassessed,no,no
features,features/include/pcl/features/impl/rift.hpp,0,0,0,0,unassessed,no,no
features,features/include/pcl/features/impl/rops_estimation.hpp,0,0,0,0,unassessed,no,no
features,features/include/pcl/features/impl/rsd.hpp,0,0,0,0,unassessed,no,no
features,features/include/pcl/features/impl/shot.hpp,0,0,0,0,unassessed,no,no
features,features/include/pcl/features/impl/shot_lrf.hpp,0,0,0,0,unassessed,no,no
features,features/include/pcl/features/impl/shot_lrf_omp.hpp,0,0,0,0,unassessed,no,no
features,features/include/pcl/features/impl/shot_omp.hpp,0,0,0,0,unassessed,no,no
features,features/include/pcl/features/impl/spin_image.hpp,0,0,0,0,unassessed,no,no
features,features/include/pcl/features/impl/statistical_multiscale_interest_region_extraction.hpp,0,0,0,0,unassessed,no,no
features,features/include/pcl/features/impl/usc.hpp,0,0,0,0,unassessed,no,no
features,features/include/pcl/features/impl/vfh.hpp,0,0,0,0,unassessed,no,no
features,features/include/pcl/features/integral_image2D.h,0,0,0,0,unassessed,no,no
features,features/include/pcl/features/integral_image_normal.h,0,0,0,0,unassessed,no,no
features,features/include/pcl/features/intensity_gradient.h,0,0,0,0,unassessed,no,no
features,features/include/pcl/features/intensity_spin.h,0,0,0,0,unassessed,no,no
features,features/include/pcl/features/linear_least_squares_normal.h,0,0,0,0,unassessed,no,no
features,features/include/pcl/features/moment_invariants.h,0,0,0,0,unassessed,no,no
features,features/include/pcl/features/moment_of_inertia_estimation.h,0,0,0,0,unassessed,no,no
features,features/include/pcl/features/multiscale_feature_persistence.h,0,0,0,0,unassessed,no,no
features,features/include/pcl/features/narf.h,0,0,0,0,unassessed,no,no
features,features/include/pcl/features/narf_descriptor.h,0,0,0,0,unassessed,no,no
features,features/include/pcl/features/normal_3d.h,0,0,0,0,unassessed,no,no
features,features/include/pcl/features/normal_3d_omp.h,0,0,0,0,unassessed,no,no
features,features/include/pcl/features/normal_based_signature.h,0,0,0,0,unassessed,no,no
features,features/include/pcl/features/organized_edge_detection.h,0,0,0,0,unassessed,no,no
features,features/include/pcl/features/our_cvfh.h,0,0,0,0,unassessed,no,no
features,features/include/pcl/features/pfh.h,0,0,0,0,unassessed,no,no
features,features/include/pcl/features/pfh_tools.h,0,0,0,0,unassessed,no,no
features,features/include/pcl/features/pfhrgb.h,0,0,0,0,unassessed,no,no
features,features/include/pcl/features/ppf.h,0,0,0,0,unassessed,no,no
features,features/include/pcl/features/ppfrgb.h,0,0,0,0,unassessed,no,no
features,features/include/pcl/features/principal_curvatures.h,0,0,0,0,unassessed,no,no
features,features/include/pcl/features/range_image_border_extractor.h,0,0,0,0,unassessed,no,no
features,features/include/pcl/features/rift.h,0,0,0,0,unassessed,no,no
features,features/include/pcl/features/rops_estimation.h,0,0,0,0,unassessed,no,no
features,features/include/pcl/features/rsd.h,0,0,0,0,unassessed,no,no
features,features/include/pcl/features/shot.h,0,0,0,0,unassessed,no,no
features,features/include/pcl/features/shot_lrf.h,0,0,0,0,unassessed,no,no
features,features/include/pcl/features/shot_lrf_omp.h,0,0,0,0,unassessed,no,no
features,features/include/pcl/features/shot_omp.h,0,0,0,0,unassessed,no,no
features,features/include/pcl/features/spin_image.h,0,0,0,0,unassessed,no,no
features,features/include/pcl/features/statistical_multiscale_interest_region_extraction.h,0,0,0,0,unassessed,no,no
features,features/include/pcl/features/usc.h,0,0,0,0,unassessed,no,no
features,features/include/pcl/features/vfh.h,0,0,0,0,unassessed,no,no
features,features/src/3dsc.cpp,0,0,0,0,unassessed,no,no
features,features/src/board.cpp,0,0,0,0,unassessed,no,no
features,features/src/boundary.cpp,0,0,0,0,unassessed,no,no
features,features/src/brisk_2d.cpp,0,0,0,0,unassessed,no,no
features,features/src/cppf.cpp,0,0,0,0,unassessed,no,no
features,features/src/crh.cpp,0,0,0,0,unassessed,no,no
features,features/src/cvfh.cpp,0,0,0,0,unassessed,no,no
features,features/src/don.cpp,0,0,0,0,unassessed,no,no
features,features/src/esf.cpp,0,0,0,0,unassessed,no,no
features,features/src/flare.cpp,0,0,0,0,unassessed,no,no
features,features/src/fpfh.cpp,0,0,0,0,unassessed,no,no
features,features/src/from_meshes.cpp,0,0,0,0,unassessed,no,no
features,features/src/gasd.cpp,0,0,0,0,unassessed,no,no
features,features/src/gfpfh.cpp,0,0,0,0,unassessed,no,no
features,features/src/grsd.cpp,0,0,0,0,unassessed,no,no
features,features/src/integral_image_normal.cpp,0,0,0,0,unassessed,no,no
features,features/src/intensity_gradient.cpp,0,0,0,0,unassessed,no,no
features,features/src/intensity_spin.cpp,0,0,0,0,unassessed,no,no
features,features/src/linear_least_squares_normal.cpp,0,0,0,0,unassessed,no,no
features,features/src/moment_invariants.cpp,0,0,0,0,unassessed,no,no
features,features/src/moment_of_inertia_estimation.cpp,0,0,0,0,unassessed,no,no
features,features/src/multiscale_feature_persistence.cpp,0,0,0,0,unassessed,no,no
features,features/src/narf.cpp,0,0,0,0,unassessed,no,no
features,features/src/normal_3d.cpp,0,0,0,0,unassessed,no,no
features,features/src/normal_based_signature.cpp,0,0,0,0,unassessed,no,no
features,features/src/organized_edge_detection.cpp,0,0,0,0,unassessed,no,no
features,features/src/our_cvfh.cpp,0,0,0,0,unassessed,no,no
features,features/src/pfh.cpp,0,0,0,0,unassessed,no,no
features,features/src/ppf.cpp,0,0,0,0,unassessed,no,no
features,features/src/principal_curvatures.cpp,0,0,0,0,unassessed,no,no
features,features/src/range_image_border_extractor.cpp,0,0,0,0,unassessed,no,no
features,features/src/rift.cpp,0,0,0,0,unassessed,no,no
features,features/src/rops_estimation.cpp,0,0,0,0,unassessed,no,no
features,features/src/rsd.cpp,0,0,0,0,unassessed,no,no
features,features/src/shot.cpp,0,0,0,0,unassessed,no,no
features,features/src/shot_lrf.cpp,0,0,0,0,unassessed,no,no
features,features/src/spin_image.cpp,0,0,0,0,unassessed,no,no
features,features/src/statistical_multiscale_interest_region_extraction.cpp,0,0,0,0,unassessed,no,no
features,features/src/usc.cpp,0,0,0,0,unassessed,no,no
features,features/src/vfh.cpp,0,0,0,0,unassessed,no,no
filters,filters/include/pcl/filters/approximate_voxel_grid.h,0,0,0,0,unassessed,no,no
filters,filters/include/pcl/filters/bilateral.h,0,0,0,0,unassessed,no,no
filters,filters/include/pcl/filters/box_clipper3D.h,0,0,0,0,unassessed,no,no
filters,filters/include/pcl/filters/clipper3D.h,0,0,0,0,unassessed,no,no
filters,filters/include/pcl/filters/conditional_removal.h,0,0,0,0,unassessed,no,no
filters,filters/include/pcl/filters/convolution.h,0,0,0,0,unassessed,no,no
filters,filters/include/pcl/filters/convolution_3d.h,0,0,0,0,unassessed,no,no
filters,filters/include/pcl/filters/covariance_sampling.h,0,0,0,0,unassessed,no,no
filters,filters/include/pcl/filters/crop_box.h,0,0,0,0,unassessed,no,no
filters,filters/include/pcl/filters/crop_hull.h,0,0,0,0,unassessed,no,no
filters,filters/include/pcl/filters/experimental/functor_filter.h,0,0,0,0,unassessed,no,no
filters,filters/include/pcl/filters/extract_indices.h,0,0,0,0,unassessed,no,no
filters,filters/include/pcl/filters/farthest_point_sampling.h,0,0,0,0,unassessed,no,no
filters,filters/include/pcl/filters/fast_bilateral.h,0,0,0,0,unassessed,no,no
filters,filters/include/pcl/filters/fast_bilateral_omp.h,0,0,0,0,unassessed,no,no
filters,filters/include/pcl/filters/filter.h,0,0,0,0,unassessed,no,no
filters,filters/include/pcl/filters/filter_indices.h,0,0,0,0,unassessed,no,no
filters,filters/include/pcl/filters/frustum_culling.h,0,0,0,0,unassessed,no,no
filters,filters/include/pcl/filters/grid_minimum.h,0,0,0,0,unassessed,no,no
filters,filters/include/pcl/filters/impl/approximate_voxel_grid.hpp,0,0,0,0,unassessed,no,no
filters,filters/include/pcl/filters/impl/bilateral.hpp,0,0,0,0,unassessed,no,no
filters,filters/include/pcl/filters/impl/box_clipper3D.hpp,0,0,0,0,unassessed,no,no
filters,filters/include/pcl/filters/impl/conditional_removal.hpp,0,0,0,0,unassessed,no,no
filters,filters/include/pcl/filters/impl/convolution.hpp,0,0,0,0,unassessed,no,no
filters,filters/include/pcl/filters/impl/convolution_3d.hpp,0,0,0,0,unassessed,no,no
filters,filters/include/pcl/filters/impl/covariance_sampling.hpp,0,0,0,0,unassessed,no,no
filters,filters/include/pcl/filters/impl/crop_box.hpp,0,0,0,0,unassessed,no,no
filters,filters/include/pcl/filters/impl/crop_hull.hpp,0,0,0,0,unassessed,no,no
filters,filters/include/pcl/filters/impl/extract_indices.hpp,0,0,0,0,unassessed,no,no
filters,filters/include/pcl/filters/impl/farthest_point_sampling.hpp,0,0,0,0,unassessed,no,no
filters,filters/include/pcl/filters/impl/fast_bilateral.hpp,0,0,0,0,unassessed,no,no
filters,filters/include/pcl/filters/impl/fast_bilateral_omp.hpp,0,0,0,0,unassessed,no,no
filters,filters/include/pcl/filters/impl/filter.hpp,0,0,0,0,unassessed,no,no
filters,filters/include/pcl/filters/impl/filter_indices.hpp,0,0,0,0,unassessed,no,no
filters,filters/include/pcl/filters/impl/frustum_culling.hpp,0,0,0,0,unassessed,no,no
filters,filters/include/pcl/filters/impl/grid_minimum.hpp,0,0,0,0,unassessed,no,no
filters,filters/include/pcl/filters/impl/local_maximum.hpp,0,0,0,0,unassessed,no,no
filters,filters/include/pcl/filters/impl/median_filter.hpp,0,0,0,0,unassessed,no,no
filters,filters/include/pcl/filters/impl/model_outlier_removal.hpp,0,0,0,0,unassessed,no,no
filters,filters/include/pcl/filters/impl/morphological_filter.hpp,0,0,0,0,unassessed,no,no
filters,filters/include/pcl/filters/impl/normal_refinement.hpp,0,0,0,0,unassessed,no,no
filters,filters/include/pcl/filters/impl/normal_space.hpp,0,0,0,0,unassessed,no,no
filters,filters/include/pcl/filters/impl/passthrough.hpp,0,0,0,0,unassessed,no,no
filters,filters/include/pcl/filters/impl/plane_clipper3D.hpp,0,0,0,0,unassessed,no,no
filters,filters/include/pcl/filters/impl/project_inliers.hpp,0,0,0,0,unassessed,no,no
filters,filters/include/pcl/filters/impl/pyramid.hpp,0,0,0,0,unassessed,no,no
filters,filters/include/pcl/filters/impl/radius_outlier_removal.hpp,0,0,0,0,unassessed,no,no
filters,filters/include/pcl/filters/impl/random_sample.hpp,0,0,0,0,unassessed,no,no
filters,filters/include/pcl/filters/impl/sampling_surface_normal.hpp,0,0,0,0,unassessed,no,no
filters,filters/include/pcl/filters/impl/shadowpoints.hpp,0,0,0,0,unassessed,no,no
filters,filters/include/pcl/filters/impl/statistical_outlier_removal.hpp,0,0,0,0,unassessed,no,no
filters,filters/include/pcl/filters/impl/uniform_sampling.hpp,0,0,0,0,unassessed,no,no
filters,filters/include/pcl/filters/impl/voxel_grid.hpp,0,0,0,0,unassessed,no,no
filters,filters/include/pcl/filters/impl/voxel_grid_covariance.hpp,0,0,0,0,unassessed,no,no
filters,filters/include/pcl/filters/impl/voxel_grid_occlusion_estimation.hpp,0,0,0,0,unassessed,no,no
filters,filters/include/pcl/filters/local_maximum.h,0,0,0,0,unassessed,no,no
filters,filters/include/pcl/filters/median_filter.h,0,0,0,0,unassessed,no,no
filters,filters/include/pcl/filters/model_outlier_removal.h,0,0,0,0,unassessed,no,no
filters,filters/include/pcl/filters/morphological_filter.h,0,0,0,0,unassessed,no,no
filters,filters/include/pcl/filters/normal_refinement.h,0,0,0,0,unassessed,no,no
filters,filters/include/pcl/filters/normal_space.h,0,0,0,0,unassessed,no,no
filters,filters/include/pcl/filters/passthrough.h,0,0,0,0,unassessed,no,no
filters,filters/include/pcl/filters/plane_clipper3D.h,0,0,0,0,unassessed,no,no
filters,filters/include/pcl/filters/project_inliers.h,0,0,0,0,unassessed,no,no
filters,filters/include/pcl/filters/pyramid.h,0,0,0,0,unassessed,no,no
filters,filters/include/pcl/filters/radius_outlier_removal.h,0,0,0,0,unassessed,no,no
filters,filters/include/pcl/filters/random_sample.h,0,0,0,0,unassessed,no,no
filters,filters/include/pcl/filters/sampling_surface_normal.h,0,0,0,0,unassessed,no,no
filters,filters/include/pcl/filters/shadowpoints.h,0,0,0,0,unassessed,no,no
filters,filters/include/pcl/filters/statistical_outlier_removal.h,0,0,0,0,unassessed,no,no
filters,filters/include/pcl/filters/uniform_sampling.h,0,0,0,0,unassessed,no,no
filters,filters/include/pcl/filters/voxel_grid.h,0,0,0,0,unassessed,no,no
filters,filters/include/pcl/filters/voxel_grid_covariance.h,0,0,0,0,unassessed,no,no
filters,filters/include/pcl/filters/voxel_grid_label.h,0,0,0,0,unassessed,no,no
filters,filters/include/pcl/filters/voxel_grid_occlusion_estimation.h,0,0,0,0,unassessed,no,no
filters,filters/src/approximate_voxel_grid.cpp,0,0,0,0,unassessed,no,no
filters,filters/src/bilateral.cpp,0,0,0,0,unassessed,no,no
filters,filters/src/conditional_removal.cpp,0,0,0,0,unassessed,no,no
filters,filters/src/convolution.cpp,0,0,0,0,unassessed,no,no
filters,filters/src/covariance_sampling.cpp,0,0,0,0,unassessed,no,no
filters,filters/src/crop_box.cpp,0,0,0,0,unassessed,no,no
filters,filters/src/crop_hull.cpp,0,0,0,0,unassessed,no,no
filters,filters/src/extract_indices.cpp,0,0,0,0,unassessed,no,no
filters,filters/src/farthest_point_sampling.cpp,0,0,0,0,unassessed,no,no
filters,filters/src/fast_bilateral.cpp,0,0,0,0,unassessed,no,no
filters,filters/src/fast_bilateral_omp.cpp,0,0,0,0,unassessed,no,no
filters,filters/src/filter.cpp,0,0,0,0,unassessed,no,no
filters,filters/src/filter_indices.cpp,0,0,0,0,unassessed,no,no
filters,filters/src/frustum_culling.cpp,0,0,0,0,unassessed,no,no
filters,filters/src/grid_minimum.cpp,0,0,0,0,unassessed,no,no
filters,filters/src/local_maximum.cpp,0,0,0,0,unassessed,no,no
filters,filters/src/median_filter.cpp,0,0,0,0,unassessed,no,no
filters,filters/src/model_outlier_removal.cpp,0,0,0,0,unassessed,no,no
filters,filters/src/morphological_filter.cpp,0,0,0,0,unassessed,no,no
filters,filters/src/normal_refinement.cpp,0,0,0,0,unassessed,no,no
filters,filters/src/normal_space.cpp,0,0,0,0,unassessed,no,no
filters,filters/src/passthrough.cpp,0,0,0,0,unassessed,no,no
filters,filters/src/project_inliers.cpp,0,0,0,0,unassessed,no,no
filters,filters/src/pyramid.cpp,0,0,0,0,unassessed,no,no
filters,filters/src/radius_outlier_removal.cpp,0,0,0,0,unassessed,no,no
filters,filters/src/random_sample.cpp,0,0,0,0,unassessed,no,no
filters,filters/src/sampling_surface_normal.cpp,0,0,0,0,unassessed,no,no
filters,filters/src/shadowpoints.cpp,0,0,0,0,unassessed,no,no
filters,filters/src/statistical_outlier_removal.cpp,0,0,0,0,unassessed,no,no
filters,filters/src/uniform_sampling.cpp,0,0,0,0,unassessed,no,no
filters,filters/src/voxel_grid.cpp,0,0,0,0,unassessed,no,no
filters,filters/src/voxel_grid_covariance.cpp,0,0,0,0,unassessed,no,no
filters,filters/src/voxel_grid_label.cpp,0,0,0,0,unassessed,no,no
filters,filters/src/voxel_grid_occlusion_estimation.cpp,0,0,0,0,unassessed,no,no
geometry,geometry/include/pcl/geometry/boost.h,0,0,0,0,unassessed,no,no
geometry,geometry/include/pcl/geometry/get_boundary.h,0,0,0,0,unassessed,no,no
geometry,geometry/include/pcl/geometry/impl/polygon_operations.hpp,0,0,0,0,unassessed,no,no
geometry,geometry/include/pcl/geometry/line_iterator.h,0,0,0,0,unassessed,no,no
geometry,geometry/include/pcl/geometry/mesh_base.h,0,0,0,0,unassessed,no,no
geometry,geometry/include/pcl/geometry/mesh_circulators.h,0,0,0,0,unassessed,no,no
geometry,geometry/include/pcl/geometry/mesh_conversion.h,0,0,0,0,unassessed,no,no
geometry,geometry/include/pcl/geometry/mesh_elements.h,0,0,0,0,unassessed,no,no
geometry,geometry/include/pcl/geometry/mesh_indices.h,0,0,0,0,unassessed,no,no
geometry,geometry/include/pcl/geometry/mesh_io.h,0,0,0,0,unassessed,no,no
geometry,geometry/include/pcl/geometry/mesh_traits.h,0,0,0,0,unassessed,no,no
geometry,geometry/include/pcl/geometry/organized_index_iterator.h,0,0,0,0,unassessed,no,no
geometry,geometry/include/pcl/geometry/planar_polygon.h,0,0,0,0,unassessed,no,no
geometry,geometry/include/pcl/geometry/polygon_mesh.h,0,0,0,0,unassessed,no,no
geometry,geometry/include/pcl/geometry/polygon_operations.h,0,0,0,0,unassessed,no,no
geometry,geometry/include/pcl/geometry/quad_mesh.h,0,0,0,0,unassessed,no,no
geometry,geometry/include/pcl/geometry/triangle_mesh.h,0,0,0,0,unassessed,no,no
gpu,gpu/containers/include/pcl/gpu/containers/device_array.h,0,0,0,0,unassessed,no,no
gpu,gpu/containers/include/pcl/gpu/containers/device_memory.h,0,0,0,0,unassessed,no,no
gpu,gpu/containers/include/pcl/gpu/containers/impl/device_array.hpp,0,0,0,0,unassessed,no,no
gpu,gpu/containers/include/pcl/gpu/containers/impl/device_memory.hpp,0,0,0,0,unassessed,no,no
gpu,gpu/containers/include/pcl/gpu/containers/impl/repacks.hpp,0,0,0,0,unassessed,no,no
gpu,gpu/containers/include/pcl/gpu/containers/impl/texture_binder.hpp,0,0,0,0,unassessed,no,no
gpu,gpu/containers/include/pcl/gpu/containers/initialization.h,0,0,0,0,unassessed,no,no
gpu,gpu/containers/include/pcl/gpu/containers/kernel_containers.h,0,0,0,0,unassessed,no,no
gpu,gpu/containers/src/device_memory.cpp,0,0,0,0,unassessed,no,no
gpu,gpu/containers/src/error.cpp,0,0,0,0,unassessed,no,no
gpu,gpu/containers/src/initialization.cpp,0,0,0,0,unassessed,no,no
gpu,gpu/containers/src/repacks.cu,0,0,0,0,unassessed,no,no
gpu,gpu/examples/octree/src/octree_search.cpp,0,0,0,0,unassessed,no,no
gpu,gpu/examples/segmentation/src/seg.cpp,0,0,0,0,unassessed,no,no
gpu,gpu/features/include/pcl/gpu/features/device/eigen.hpp,0,0,0,0,unassessed,no,no
gpu,gpu/features/include/pcl/gpu/features/device/pair_features.hpp,0,0,0,0,unassessed,no,no
gpu,gpu/features/include/pcl/gpu/features/device/rodrigues.hpp,0,0,0,0,unassessed,no,no
gpu,gpu/features/include/pcl/gpu/features/features.hpp,0,0,0,0,unassessed,no,no
gpu,gpu/features/src/centroid.cu,0,0,0,0,unassessed,no,no
gpu,gpu/features/src/features.cpp,0,0,0,0,unassessed,no,no
gpu,gpu/features/src/fpfh.cu,0,0,0,0,unassessed,no,no
gpu,gpu/features/src/internal.hpp,0,0,0,0,unassessed,no,no
gpu,gpu/features/src/normal_3d.cu,0,0,0,0,unassessed,no,no
gpu,gpu/features/src/pfh.cu,0,0,0,0,unassessed,no,no
gpu,gpu/features/src/ppf.cu,0,0,0,0,unassessed,no,no
gpu,gpu/features/src/principal_curvatures.cu,0,0,0,0,unassessed,no,no
gpu,gpu/features/src/spinimages.cu,0,0,0,0,unassessed,no,no
gpu,gpu/features/src/uniq_inds.cu,0,0,0,0,unassessed,no,no
gpu,gpu/features/src/utils/vector_operations.hpp,0,0,0,0,unassessed,no,no
gpu,gpu/features/src/vfh.cu,0,0,0,0,unassessed,no,no
gpu,gpu/features/test/data_source.hpp,0,0,0,0,unassessed,no,no
gpu,gpu/features/test/test_fpfh.cpp,0,0,0,0,unassessed,no,no
gpu,gpu/features/test/test_normals.cpp,0,0,0,0,unassessed,no,no
gpu,gpu/features/test/test_pfh.cpp,0,0,0,0,unassessed,no,no
gpu,gpu/features/test/test_ppf.cpp,0,0,0,0,unassessed,no,no
gpu,gpu/features/test/test_principal_curvatures.cpp,0,0,0,0,unassessed,no,no
gpu,gpu/features/test/test_spinimages.cpp,0,0,0,0,unassessed,no,no
gpu,gpu/features/test/test_vfh.cpp,0,0,0,0,unassessed,no,no
gpu,gpu/kinfu/include/pcl/gpu/kinfu/color_volume.h,0,0,0,0,unassessed,no,no
gpu,gpu/kinfu/include/pcl/gpu/kinfu/kinfu.h,0,0,0,0,unassessed,no,no
gpu,gpu/kinfu/include/pcl/gpu/kinfu/marching_cubes.h,0,0,0,0,unassessed,no,no
gpu,gpu/kinfu/include/pcl/gpu/kinfu/pixel_rgb.h,0,0,0,0,unassessed,no,no
gpu,gpu/kinfu/include/pcl/gpu/kinfu/raycaster.h,0,0,0,0,unassessed,no,no
gpu,gpu/kinfu/include/pcl/gpu/kinfu/tsdf_volume.h,0,0,0,0,unassessed,no,no
gpu,gpu/kinfu/src/color_volume.cpp,0,0,0,0,unassessed,no,no
gpu,gpu/kinfu/src/cuda/bilateral_pyrdown.cu,0,0,0,0,unassessed,no,no
gpu,gpu/kinfu/src/cuda/colors.cu,0,0,0,0,unassessed,no,no
gpu,gpu/kinfu/src/cuda/coresp.cu,0,0,0,0,unassessed,no,no
gpu,gpu/kinfu/src/cuda/device.hpp,0,0,0,0,unassessed,no,no
gpu,gpu/kinfu/src/cuda/estimate_combined.cu,0,0,0,0,unassessed,no,no
gpu,gpu/kinfu/src/cuda/estimate_tranform.cu,0,0,0,0,unassessed,no,no
gpu,gpu/kinfu/src/cuda/extract.cu,0,0,0,0,unassessed,no,no
gpu,gpu/kinfu/src/cuda/image_generator.cu,0,0,0,0,unassessed,no,no
gpu,gpu/kinfu/src/cuda/maps.cu,0,0,0,0,unassessed,no,no
gpu,gpu/kinfu/src/cuda/marching_cubes.cu,0,0,0,0,unassessed,no,no
gpu,gpu/kinfu/src/cuda/normals_eigen.cu,0,0,0,0,unassessed,no,no
gpu,gpu/kinfu/src/cuda/ray_caster.cu,0,0,0,0,unassessed,no,no
gpu,gpu/kinfu/src/cuda/tsdf_volume.cu,0,0,0,0,unassessed,no,no
gpu,gpu/kinfu/src/cuda/utils.hpp,0,0,0,0,unassessed,no,no
gpu,gpu/kinfu/src/internal.h,0,0,0,0,unassessed,no,no
gpu,gpu/kinfu/src/kinfu.cpp,0,0,0,0,unassessed,no,no
gpu,gpu/kinfu/src/marching_cubes.cpp,0,0,0,0,unassessed,no,no
gpu,gpu/kinfu/src/raycaster.cpp,0,0,0,0,unassessed,no,no
gpu,gpu/kinfu/src/safe_call.hpp,0,0,0,0,unassessed,no,no
gpu,gpu/kinfu/src/tsdf_volume.cpp,0,0,0,0,unassessed,no,no
gpu,gpu/kinfu/tools/camera_pose.h,0,0,0,0,unassessed,no,no
gpu,gpu/kinfu/tools/capture.cpp,0,0,0,0,unassessed,no,no
gpu,gpu/kinfu/tools/evaluation.cpp,0,0,0,0,unassessed,no,no
gpu,gpu/kinfu/tools/evaluation.h,0,0,0,0,unassessed,no,no
gpu,gpu/kinfu/tools/kinfu_app.cpp,0,0,0,0,unassessed,no,no
gpu,gpu/kinfu/tools/kinfu_app_sim.cpp,0,0,0,0,unassessed,no,no
gpu,gpu/kinfu/tools/openni_capture.h,0,0,0,0,unassessed,no,no
gpu,gpu/kinfu/tools/record_tsdfvolume.cpp,0,0,0,0,unassessed,no,no
gpu,gpu/kinfu/tools/tsdf_volume.h,0,0,0,0,unassessed,no,no
gpu,gpu/kinfu/tools/tsdf_volume.hpp,0,0,0,0,unassessed,no,no
gpu,gpu/kinfu_large_scale/include/pcl/gpu/kinfu_large_scale/color_volume.h,0,0,0,0,unassessed,no,no
gpu,gpu/kinfu_large_scale/include/pcl/gpu/kinfu_large_scale/cyclical_buffer.h,0,0,0,0,unassessed,no,no
gpu,gpu/kinfu_large_scale/include/pcl/gpu/kinfu_large_scale/device.h,0,0,0,0,unassessed,no,no
gpu,gpu/kinfu_large_scale/include/pcl/gpu/kinfu_large_scale/float3_operations.h,0,0,0,0,unassessed,no,no
gpu,gpu/kinfu_large_scale/include/pcl/gpu/kinfu_large_scale/impl/standalone_marching_cubes.hpp,0,0,0,0,unassessed,no,no
gpu,gpu/kinfu_large_scale/include/pcl/gpu/kinfu_large_scale/impl/world_model.hpp,0,0,0,0,unassessed,no,no
gpu,gpu/kinfu_large_scale/include/pcl/gpu/kinfu_large_scale/kinfu.h,0,0,0,0,unassessed,no,no
gpu,gpu/kinfu_large_scale/include/pcl/gpu/kinfu_large_scale/marching_cubes.h,0,0,0,0,unassessed,no,no
gpu,gpu/kinfu_large_scale/include/pcl/gpu/kinfu_large_scale/pixel_rgb.h,0,0,0,0,unassessed,no,no
gpu,gpu/kinfu_large_scale/include/pcl/gpu/kinfu_large_scale/point_intensity.h,0,0,0,0,unassessed,no,no
gpu,gpu/kinfu_large_scale/include/pcl/gpu/kinfu_large_scale/raycaster.h,0,0,0,0,unassessed,no,no
gpu,gpu/kinfu_large_scale/include/pcl/gpu/kinfu_large_scale/screenshot_manager.h,0,0,0,0,unassessed,no,no
gpu,gpu/kinfu_large_scale/include/pcl/gpu/kinfu_large_scale/standalone_marching_cubes.h,0,0,0,0,unassessed,no,no
gpu,gpu/kinfu_large_scale/include/pcl/gpu/kinfu_large_scale/tsdf_buffer.h,0,0,0,0,unassessed,no,no
gpu,gpu/kinfu_large_scale/include/pcl/gpu/kinfu_large_scale/tsdf_volume.h,0,0,0,0,unassessed,no,no
gpu,gpu/kinfu_large_scale/include/pcl/gpu/kinfu_large_scale/world_model.h,0,0,0,0,unassessed,no,no
gpu,gpu/kinfu_large_scale/src/color_volume.cpp,0,0,0,0,unassessed,no,no
gpu,gpu/kinfu_large_scale/src/cuda/bilateral_pyrdown.cu,0,0,0,0,unassessed,no,no
gpu,gpu/kinfu_large_scale/src/cuda/colors.cu,0,0,0,0,unassessed,no,no
gpu,gpu/kinfu_large_scale/src/cuda/coresp.cu,0,0,0,0,unassessed,no,no
gpu,gpu/kinfu_large_scale/src/cuda/device.hpp,0,0,0,0,unassessed,no,no
gpu,gpu/kinfu_large_scale/src/cuda/estimate_combined.cu,0,0,0,0,unassessed,no,no
gpu,gpu/kinfu_large_scale/src/cuda/estimate_tranform.cu,0,0,0,0,unassessed,no,no
gpu,gpu/kinfu_large_scale/src/cuda/extract.cu,0,0,0,0,unassessed,no,no
gpu,gpu/kinfu_large_scale/src/cuda/image_generator.cu,0,0,0,0,unassessed,no,no
gpu,gpu/kinfu_large_scale/src/cuda/maps.cu,0,0,0,0,unassessed,no,no
gpu,gpu/kinfu_large_scale/src/cuda/marching_cubes.cu,0,0,0,0,unassessed,no,no
gpu,gpu/kinfu_large_scale/src/cuda/normals_eigen.cu,0,0,0,0,unassessed,no,no
gpu,gpu/kinfu_large_scale/src/cuda/pointer_shift.cu,0,0,0,0,unassessed,no,no
gpu,gpu/kinfu_large_scale/src/cuda/push.cu,0,0,0,0,unassessed,no,no
gpu,gpu/kinfu_large_scale/src/cuda/ray_caster.cu,0,0,0,0,unassessed,no,no
gpu,gpu/kinfu_large_scale/src/cuda/tsdf_volume.cu,0,0,0,0,unassessed,no,no
gpu,gpu/kinfu_large_scale/src/cuda/utils.hpp,0,0,0,0,unassessed,no,no
gpu,gpu/kinfu_large_scale/src/cyclical_buffer.cpp,0,0,0,0,unassessed,no,no
gpu,gpu/kinfu_large_scale/src/estimate_combined.h,0,0,0,0,unassessed,no,no
gpu,gpu/kinfu_large_scale/src/internal.h,0,0,0,0,unassessed,no,no
gpu,gpu/kinfu_large_scale/src/kinfu.cpp,0,0,0,0,unassessed,no,no
gpu,gpu/kinfu_large_scale/src/marching_cubes.cpp,0,0,0,0,unassessed,no,no
gpu,gpu/kinfu_large_scale/src/raycaster.cpp,0,0,0,0,unassessed,no,no
gpu,gpu/kinfu_large_scale/src/screenshot_manager.cpp,0,0,0,0,unassessed,no,no
gpu,gpu/kinfu_large_scale/src/standalone_marching_cubes.cpp,0,0,0,0,unassessed,no,no
gpu,gpu/kinfu_large_scale/src/tsdf_volume.cpp,0,0,0,0,unassessed,no,no
gpu,gpu/kinfu_large_scale/src/world_model.cpp,0,0,0,0,unassessed,no,no
gpu,gpu/kinfu_large_scale/tools/capture.cpp,0,0,0,0,unassessed,no,no
gpu,gpu/kinfu_large_scale/tools/color_handler.h,0,0,0,0,unassessed,no,no
gpu,gpu/kinfu_large_scale/tools/evaluation.cpp,0,0,0,0,unassessed,no,no
gpu,gpu/kinfu_large_scale/tools/evaluation.h,0,0,0,0,unassessed,no,no
gpu,gpu/kinfu_large_scale/tools/kinfuLS_app.cpp,0,0,0,0,unassessed,no,no
gpu,gpu/kinfu_large_scale/tools/kinfu_app_sim.cpp,0,0,0,0,unassessed,no,no
gpu,gpu/kinfu_large_scale/tools/openni_capture.h,0,0,0,0,unassessed,no,no
gpu,gpu/kinfu_large_scale/tools/process_kinfu_large_scale_output.cpp,0,0,0,0,unassessed,no,no
gpu,gpu/kinfu_large_scale/tools/record_maps_rgb.cpp,0,0,0,0,unassessed,no,no
gpu,gpu/kinfu_large_scale/tools/record_tsdfvolume.cpp,0,0,0,0,unassessed,no,no
gpu,gpu/kinfu_large_scale/tools/standalone_texture_mapping.cpp,0,0,0,0,unassessed,no,no
gpu,gpu/octree/include/pcl/gpu/octree/device_format.hpp,0,0,0,0,unassessed,no,no
gpu,gpu/octree/include/pcl/gpu/octree/octree.hpp,0,0,0,0,unassessed,no,no
gpu,gpu/octree/src/cuda/approx_nsearch.cu,0,0,0,0,unassessed,no,no
gpu,gpu/octree/src/cuda/bfrs.cu,0,0,0,0,unassessed,no,no
gpu,gpu/octree/src/cuda/knn_search.cu,0,0,0,0,unassessed,no,no
gpu,gpu/octree/src/cuda/octree_builder.cu,0,0,0,0,unassessed,no,no
gpu,gpu/octree/src/cuda/octree_host.cu,0,0,0,0,unassessed,no,no
gpu,gpu/octree/src/cuda/octree_iterator.hpp,0,0,0,0,unassessed,no,no
gpu,gpu/octree/src/cuda/radius_search.cu,0,0,0,0,unassessed,no,no
gpu,gpu/octree/src/internal.hpp,0,0,0,0,unassessed,no,no
gpu,gpu/octree/src/octree.cpp,0,0,0,0,unassessed,no,no
gpu,gpu/octree/src/utils/approx_nearest_utils.hpp,0,0,0,0,unassessed,no,no
gpu,gpu/octree/src/utils/bitonic_sort.hpp,0,0,0,0,unassessed,no,no
gpu,gpu/octree/src/utils/boxutils.hpp,0,0,0,0,unassessed,no,no
gpu,gpu/octree/src/utils/copygen.hpp,0,0,0,0,unassessed,no,no
gpu,gpu/octree/src/utils/emulation.hpp,0,0,0,0,unassessed,no,no
gpu,gpu/octree/src/utils/morton.hpp,0,0,0,0,unassessed,no,no
gpu,gpu/octree/src/utils/priority_octree_iterator.hpp,0,0,0,0,unassessed,no,no
gpu,gpu/octree/src/utils/scan_block.hpp,0,0,0,0,unassessed,no,no
gpu,gpu/octree/src/utils/warp_reduce.hpp,0,0,0,0,unassessed,no,no
gpu,gpu/people/include/pcl/gpu/people/bodyparts_detector.h,0,0,0,0,unassessed,no,no
gpu,gpu/people/include/pcl/gpu/people/colormap.h,0,0,0,0,unassessed,no,no
gpu,gpu/people/include/pcl/gpu/people/face_detector.h,0,0,0,0,unassessed,no,no
gpu,gpu/people/include/pcl/gpu/people/label_blob2.h,0,0,0,0,unassessed,no,no
gpu,gpu/people/include/pcl/gpu/people/label_common.h,0,0,0,0,unassessed,no,no
gpu,gpu/people/include/pcl/gpu/people/label_segment.h,0,0,0,0,unassessed,no,no
gpu,gpu/people/include/pcl/gpu/people/label_tree.h,0,0,0,0,unassessed,no,no
gpu,gpu/people/include/pcl/gpu/people/organized_plane_detector.h,0,0,0,0,unassessed,no,no
gpu,gpu/people/include/pcl/gpu/people/people_detector.h,0,0,0,0,unassessed,no,no
gpu,gpu/people/include/pcl/gpu/people/person_attribs.h,0,0,0,0,unassessed,no,no
gpu,gpu/people/include/pcl/gpu/people/probability_processor.h,0,0,0,0,unassessed,no,no
gpu,gpu/people/include/pcl/gpu/people/tree.h,0,0,0,0,unassessed,no,no
gpu,gpu/people/include/pcl/gpu/people/tree_train.h,0,0,0,0,unassessed,no,no
gpu,gpu/people/src/bodyparts_detector.cpp,0,0,0,0,unassessed,no,no
gpu,gpu/people/src/colormap.cpp,0,0,0,0,unassessed,no,no
gpu,gpu/people/src/cuda/device.h,0,0,0,0,unassessed,no,no
gpu,gpu/people/src/cuda/elec.cu,0,0,0,0,unassessed,no,no
gpu,gpu/people/src/cuda/multi_tree.cu,0,0,0,0,unassessed,no,no
gpu,gpu/people/src/cuda/nvidia/NCV.cu,0,0,0,0,unassessed,no,no
gpu,gpu/people/src/cuda/nvidia/NCV.hpp,0,0,0,0,unassessed,no,no
gpu,gpu/people/src/cuda/nvidia/NCVAlg.hpp,0,0,0,0,unassessed,no,no
gpu,gpu/people/src/cuda/nvidia/NCVColorConversion.hpp,0,0,0,0,unassessed,no,no
gpu,gpu/people/src/cuda/nvidia/NCVHaarObjectDetection.cu,0,0,0,0,unassessed,no,no
gpu,gpu/people/src/cuda/nvidia/NCVHaarObjectDetection.hpp,0,0,0,0,unassessed,no,no
gpu,gpu/people/src/cuda/nvidia/NCVPixelOperations.hpp,0,0,0,0,unassessed,no,no
gpu,gpu/people/src/cuda/nvidia/NCVPyramid.cu,0,0,0,0,unassessed,no,no
gpu,gpu/people/src/cuda/nvidia/NCVPyramid.hpp,0,0,0,0,unassessed,no,no
gpu,gpu/people/src/cuda/nvidia/NCVRuntimeTemplates.hpp,0,0,0,0,unassessed,no,no
gpu,gpu/people/src/cuda/nvidia/NPP_staging.cu,0,0,0,0,unassessed,no,no
gpu,gpu/people/src/cuda/nvidia/NPP_staging.hpp,0,0,0,0,unassessed,no,no
gpu,gpu/people/src/cuda/prob.cu,0,0,0,0,unassessed,no,no
gpu,gpu/people/src/cuda/shs.cu,0,0,0,0,unassessed,no,no
gpu,gpu/people/src/cuda/smooth.cu,0,0,0,0,unassessed,no,no
gpu,gpu/people/src/cuda/utils.cu,0,0,0,0,unassessed,no,no
gpu,gpu/people/src/cuda_async_copy.h,0,0,0,0,unassessed,no,no
gpu,gpu/people/src/face_detector.cpp,0,0,0,0,unassessed,no,no
gpu,gpu/people/src/internal.h,0,0,0,0,unassessed,no,no
gpu,gpu/people/src/organized_plane_detector.cpp,0,0,0,0,unassessed,no,no
gpu,gpu/people/src/people_detector.cpp,0,0,0,0,unassessed,no,no
gpu,gpu/people/src/person_attibs.cpp,0,0,0,0,unassessed,no,no
gpu,gpu/people/src/probability_processor.cpp,0,0,0,0,unassessed,no,no
gpu,gpu/people/src/trees.cpp,0,0,0,0,unassessed,no,no
gpu,gpu/people/tools/people_app.cpp,0,0,0,0,unassessed,no,no
gpu,gpu/people/tools/people_pcd_prob.cpp,0,0,0,0,unassessed,no,no
gpu,gpu/people/tools/people_tracking.cpp,0,0,0,0,unassessed,no,no
gpu,gpu/segmentation/include/pcl/gpu/segmentation/gpu_extract_clusters.h,0,0,0,0,unassessed,no,no
gpu,gpu/segmentation/include/pcl/gpu/segmentation/gpu_extract_labeled_clusters.h,0,0,0,0,unassessed,no,no
gpu,gpu/segmentation/include/pcl/gpu/segmentation/gpu_seeded_hue_segmentation.h,0,0,0,0,unassessed,no,no
gpu,gpu/segmentation/include/pcl/gpu/segmentation/impl/gpu_extract_clusters.hpp,0,0,0,0,unassessed,no,no
gpu,gpu/segmentation/include/pcl/gpu/segmentation/impl/gpu_extract_labeled_clusters.hpp,0,0,0,0,unassessed,no,no
gpu,gpu/segmentation/include/pcl/gpu/segmentation/impl/gpu_seeded_hue_segmentation.hpp,0,0,0,0,unassessed,no,no
gpu,gpu/segmentation/src/extract_clusters.cpp,0,0,0,0,unassessed,no,no
gpu,gpu/surface/include/pcl/gpu/surface/convex_hull.h,0,0,0,0,unassessed,no,no
gpu,gpu/surface/src/convex_hull.cpp,0,0,0,0,unassessed,no,no
gpu,gpu/surface/src/cuda/convex_hull.cu,0,0,0,0,unassessed,no,no
gpu,gpu/surface/src/cuda/device.h,0,0,0,0,unassessed,no,no
gpu,gpu/surface/src/internal.h,0,0,0,0,unassessed,no,no
gpu,gpu/surface/test/test_pseudo_convex_hull.cpp,0,0,0,0,unassessed,no,no
gpu,gpu/tracking/include/pcl/gpu/tracking/particle_filter.h,0,0,0,0,unassessed,no,no
gpu,gpu/tracking/src/cuda/device.hpp,0,0,0,0,unassessed,no,no
gpu,gpu/tracking/src/cuda/particle_filter.cu,0,0,0,0,unassessed,no,no
gpu,gpu/tracking/src/internal.h,0,0,0,0,unassessed,no,no
gpu,gpu/utils/include/pcl/gpu/utils/device/algorithm.hpp,0,0,0,0,unassessed,no,no
gpu,gpu/utils/include/pcl/gpu/utils/device/asm.hpp,0,0,0,0,unassessed,no,no
gpu,gpu/utils/include/pcl/gpu/utils/device/block.hpp,0,0,0,0,unassessed,no,no
gpu,gpu/utils/include/pcl/gpu/utils/device/cache.hpp,0,0,0,0,unassessed,no,no
gpu,gpu/utils/include/pcl/gpu/utils/device/emulation.hpp,0,0,0,0,unassessed,no,no
gpu,gpu/utils/include/pcl/gpu/utils/device/funcattrib.hpp,0,0,0,0,unassessed,no,no
gpu,gpu/utils/include/pcl/gpu/utils/device/functional.hpp,0,0,0,0,unassessed,no,no
gpu,gpu/utils/include/pcl/gpu/utils/device/reduce.hpp,0,0,0,0,unassessed,no,no
gpu,gpu/utils/include/pcl/gpu/utils/device/vector_math.hpp,0,0,0,0,unassessed,no,no
gpu,gpu/utils/include/pcl/gpu/utils/device/warp.hpp,0,0,0,0,unassessed,no,no
gpu,gpu/utils/include/pcl/gpu/utils/repacks.hpp,0,0,0,0,unassessed,no,no
gpu,gpu/utils/include/pcl/gpu/utils/safe_call.hpp,0,0,0,0,unassessed,no,no
gpu,gpu/utils/include/pcl/gpu/utils/texture_binder.hpp,0,0,0,0,unassessed,no,no
gpu,gpu/utils/include/pcl/gpu/utils/timers_cuda.hpp,0,0,0,0,unassessed,no,no
gpu,gpu/utils/src/internal.hpp,0,0,0,0,unassessed,no,no
io,io/include/pcl/compression/color_coding.h,0,0,0,0,unassessed,no,no
io,io/include/pcl/compression/compression_profiles.h,0,0,0,0,unassessed,no,no
io,io/include/pcl/compression/entropy_range_coder.h,0,0,0,0,unassessed,no,no
io,io/include/pcl/compression/impl/entropy_range_coder.hpp,0,0,0,0,unassessed,no,no
io,io/include/pcl/compression/impl/octree_pointcloud_compression.hpp,0,0,0,0,unassessed,no,no
io,io/include/pcl/compression/impl/organized_pointcloud_compression.hpp,0,0,0,0,unassessed,no,no
io,io/include/pcl/compression/libpng_wrapper.h,0,0,0,0,unassessed,no,no
io,io/include/pcl/compression/octree_pointcloud_compression.h,0,0,0,0,unassessed,no,no
io,io/include/pcl/compression/organized_pointcloud_compression.h,0,0,0,0,unassessed,no,no
io,io/include/pcl/compression/organized_pointcloud_conversion.h,0,0,0,0,unassessed,no,no
io,io/include/pcl/compression/point_coding.h,0,0,0,0,unassessed,no,no
io,io/include/pcl/io/ascii_io.h,0,0,0,0,unassessed,no,no
io,io/include/pcl/io/auto_io.h,0,0,0,0,unassessed,no,no
io,io/include/pcl/io/buffers.h,0,0,0,0,unassessed,no,no
io,io/include/pcl/io/davidsdk_grabber.h,0,0,0,0,unassessed,no,no
io,io/include/pcl/io/debayer.h,0,0,0,0,unassessed,no,no
io,io/include/pcl/io/depth_sense/depth_sense_device_manager.h,0,0,0,0,unassessed,no,no
io,io/include/pcl/io/depth_sense/depth_sense_grabber_impl.h,0,0,0,0,unassessed,no,no
io,io/include/pcl/io/depth_sense_grabber.h,0,0,0,0,unassessed,no,no
io,io/include/pcl/io/dinast_grabber.h,0,0,0,0,unassessed,no,no
io,io/include/pcl/io/ensenso_grabber.h,0,0,0,0,unassessed,no,no
io,io/include/pcl/io/file_grabber.h,0,0,0,0,unassessed,no,no
io,io/include/pcl/io/file_io.h,0,0,0,0,unassessed,no,no
io,io/include/pcl/io/fotonic_grabber.h,0,0,0,0,unassessed,no,no
io,io/include/pcl/io/grabber.h,0,0,0,0,unassessed,no,no
io,io/include/pcl/io/hdl_grabber.h,0,0,0,0,unassessed,no,no
io,io/include/pcl/io/ifs_io.h,0,0,0,0,unassessed,no,no
io,io/include/pcl/io/image.h,0,0,0,0,unassessed,no,no
io,io/include/pcl/io/image_depth.h,0,0,0,0,unassessed,no,no
io,io/include/pcl/io/image_grabber.h,0,0,0,0,unassessed,no,no
io,io/include/pcl/io/image_ir.h,0,0,0,0,unassessed,no,no
io,io/include/pcl/io/image_metadata_wrapper.h,0,0,0,0,unassessed,no,no
io,io/include/pcl/io/image_rgb24.h,0,0,0,0,unassessed,no,no
io,io/include/pcl/io/image_yuv422.h,0,0,0,0,unassessed,no,no
io,io/include/pcl/io/impl/ascii_io.hpp,0,0,0,0,unassessed,no,no
io,io/include/pcl/io/impl/auto_io.hpp,0,0,0,0,unassessed,no,no
io,io/include/pcl/io/impl/buffers.hpp,0,0,0,0,unassessed,no,no
io,io/include/pcl/io/impl/lzf_image_io.hpp,0,0,0,0,unassessed,no,no
io,io/include/pcl/io/impl/pcd_io.hpp,0,0,0,0,unassessed,no,no
io,io/include/pcl/io/impl/point_cloud_image_extractors.hpp,0,0,0,0,unassessed,no,no
io,io/include/pcl/io/impl/synchronized_queue.hpp,0,0,0,0,unassessed,no,no
io,io/include/pcl/io/impl/vtk_lib_io.hpp,0,0,0,0,unassessed,no,no
io,io/include/pcl/io/io_exception.h,0,0,0,0,unassessed,no,no
io,io/include/pcl/io/low_level_io.h,0,0,0,0,unassessed,no,no
io,io/include/pcl/io/lzf.h,0,0,0,0,unassessed,no,no
io,io/include/pcl/io/lzf_image_io.h,0,0,0,0,unassessed,no,no
io,io/include/pcl/io/obj_io.h,0,0,0,0,unassessed,no,no
io,io/include/pcl/io/oni_grabber.h,0,0,0,0,unassessed,no,no
io,io/include/pcl/io/openni2/openni.h,0,0,0,0,unassessed,no,no
io,io/include/pcl/io/openni2/openni2_convert.h,0,0,0,0,unassessed,no,no
io,io/include/pcl/io/openni2/openni2_device.h,0,0,0,0,unassessed,no,no
io,io/include/pcl/io/openni2/openni2_device_info.h,0,0,0,0,unassessed,no,no
io,io/include/pcl/io/openni2/openni2_device_manager.h,0,0,0,0,unassessed,no,no
io,io/include/pcl/io/openni2/openni2_frame_listener.h,0,0,0,0,unassessed,no,no
io,io/include/pcl/io/openni2/openni2_metadata_wrapper.h,0,0,0,0,unassessed,no,no
io,io/include/pcl/io/openni2/openni2_timer_filter.h,0,0,0,0,unassessed,no,no
io,io/include/pcl/io/openni2/openni2_video_mode.h,0,0,0,0,unassessed,no,no
io,io/include/pcl/io/openni2/openni_shift_to_depth_conversion.h,0,0,0,0,unassessed,no,no
io,io/include/pcl/io/openni2_grabber.h,0,0,0,0,unassessed,no,no
io,io/include/pcl/io/openni_camera/openni.h,0,0,0,0,unassessed,no,no
io,io/include/pcl/io/openni_camera/openni_depth_image.h,0,0,0,0,unassessed,no,no
io,io/include/pcl/io/openni_camera/openni_device.h,0,0,0,0,unassessed,no,no
io,io/include/pcl/io/openni_camera/openni_device_kinect.h,0,0,0,0,unassessed,no,no
io,io/include/pcl/io/openni_camera/openni_device_oni.h,0,0,0,0,unassessed,no,no
io,io/include/pcl/io/openni_camera/openni_device_primesense.h,0,0,0,0,unassessed,no,no
io,io/include/pcl/io/openni_camera/openni_device_xtion.h,0,0,0,0,unassessed,no,no
io,io/include/pcl/io/openni_camera/openni_driver.h,0,0,0,0,unassessed,no,no
io,io/include/pcl/io/openni_camera/openni_exception.h,0,0,0,0,unassessed,no,no
io,io/include/pcl/io/openni_camera/openni_image.h,0,0,0,0,unassessed,no,no
io,io/include/pcl/io/openni_camera/openni_image_bayer_grbg.h,0,0,0,0,unassessed,no,no
io,io/include/pcl/io/openni_camera/openni_image_rgb24.h,0,0,0,0,unassessed,no,no
io,io/include/pcl/io/openni_camera/openni_image_yuv_422.h,0,0,0,0,unassessed,no,no
io,io/include/pcl/io/openni_camera/openni_ir_image.h,0,0,0,0,unassessed,no,no
io,io/include/pcl/io/openni_camera/openni_shift_to_depth_conversion.h,0,0,0,0,unassessed,no,no
io,io/include/pcl/io/openni_grabber.h,0,0,0,0,unassessed,no,no
io,io/include/pcl/io/pcd_grabber.h,0,0,0,0,unassessed,no,no
io,io/include/pcl/io/pcd_io.h,0,0,0,0,unassessed,no,no
io,io/include/pcl/io/ply/byte_order.h,0,0,0,0,unassessed,no,no
io,io/include/pcl/io/ply/io_operators.h,0,0,0,0,unassessed,no,no
io,io/include/pcl/io/ply/ply.h,0,0,0,0,unassessed,no,no
io,io/include/pcl/io/ply/ply_parser.h,0,0,0,0,unassessed,no,no
io,io/include/pcl/io/ply_io.h,0,0,0,0,unassessed,no,no
io,io/include/pcl/io/png_io.h,0,0,0,0,unassessed,no,no
io,io/include/pcl/io/point_cloud_image_extractors.h,0,0,0,0,unassessed,no,no
io,io/include/pcl/io/real_sense/real_sense_device_manager.h,0,0,0,0,unassessed,no,no
io,io/include/pcl/io/real_sense_2_grabber.h,0,0,0,0,unassessed,no,no
io,io/include/pcl/io/real_sense_grabber.h,0,0,0,0,unassessed,no,no
io,io/include/pcl/io/robot_eye_grabber.h,0,0,0,0,unassessed,no,no
io,io/include/pcl/io/split.h,0,0,0,0,unassessed,no,no
io,io/include/pcl/io/tar.h,0,0,0,0,unassessed,no,no
io,io/include/pcl/io/tim_grabber.h,0,0,0,0,unassessed,no,no
io,io/include/pcl/io/timestamp.h,0,0,0,0,unassessed,no,no
io,io/include/pcl/io/vlp_grabber.h,0,0,0,0,unassessed,no,no
io,io/include/pcl/io/vtk_io.h,0,0,0,0,unassessed,no,no
io,io/include/pcl/io/vtk_lib_io.h,0,0,0,0,unassessed,no,no
io,io/src/ascii_io.cpp,0,0,0,0,unassessed,no,no
io,io/src/auto_io.cpp,0,0,0,0,unassessed,no,no
io,io/src/compression.cpp,0,0,0,0,unassessed,no,no
io,io/src/davidsdk_grabber.cpp,0,0,0,0,unassessed,no,no
io,io/src/debayer.cpp,0,0,0,0,unassessed,no,no
io,io/src/depth_sense/depth_sense_device_manager.cpp,0,0,0,0,unassessed,no,no
io,io/src/depth_sense/depth_sense_grabber_impl.cpp,0,0,0,0,unassessed,no,no
io,io/src/depth_sense_grabber.cpp,0,0,0,0,unassessed,no,no
io,io/src/dinast_grabber.cpp,0,0,0,0,unassessed,no,no
io,io/src/ensenso_grabber.cpp,0,0,0,0,unassessed,no,no
io,io/src/hdl_grabber.cpp,0,0,0,0,unassessed,no,no
io,io/src/ifs_io.cpp,0,0,0,0,unassessed,no,no
io,io/src/image_depth.cpp,0,0,0,0,unassessed,no,no
io,io/src/image_grabber.cpp,0,0,0,0,unassessed,no,no
io,io/src/image_ir.cpp,0,0,0,0,unassessed,no,no
io,io/src/image_rgb24.cpp,0,0,0,0,unassessed,no,no
io,io/src/image_yuv422.cpp,0,0,0,0,unassessed,no,no
io,io/src/io_exception.cpp,0,0,0,0,unassessed,no,no
io,io/src/libpng_wrapper.cpp,0,0,0,0,unassessed,no,no
io,io/src/lzf.cpp,0,0,0,0,unassessed,no,no
io,io/src/lzf_image_io.cpp,0,0,0,0,unassessed,no,no
io,io/src/obj_io.cpp,0,0,0,0,unassessed,no,no
io,io/src/oni_grabber.cpp,0,0,0,0,unassessed,no,no
io,io/src/openni2/openni2_convert.cpp,0,0,0,0,unassessed,no,no
io,io/src/openni2/openni2_device.cpp,0,0,0,0,unassessed,no,no
io,io/src/openni2/openni2_device_info.cpp,0,0,0,0,unassessed,no,no
io,io/src/openni2/openni2_device_manager.cpp,0,0,0,0,unassessed,no,no
io,io/src/openni2/openni2_timer_filter.cpp,0,0,0,0,unassessed,no,no
io,io/src/openni2/openni2_video_mode.cpp,0,0,0,0,unassessed,no,no
io,io/src/openni2_grabber.cpp,0,0,0,0,unassessed,no,no
io,io/src/openni_camera/openni_depth_image.cpp,0,0,0,0,unassessed,no,no
io,io/src/openni_camera/openni_device.cpp,0,0,0,0,unassessed,no,no
io,io/src/openni_camera/openni_device_kinect.cpp,0,0,0,0,unassessed,no,no
io,io/src/openni_camera/openni_device_oni.cpp,0,0,0,0,unassessed,no,no
io,io/src/openni_camera/openni_device_primesense.cpp,0,0,0,0,unassessed,no,no
io,io/src/openni_camera/openni_device_xtion.cpp,0,0,0,0,unassessed,no,no
io,io/src/openni_camera/openni_driver.cpp,0,0,0,0,unassessed,no,no
io,io/src/openni_camera/openni_exception.cpp,0,0,0,0,unassessed,no,no
io,io/src/openni_camera/openni_image_bayer_grbg.cpp,0,0,0,0,unassessed,no,no
io,io/src/openni_camera/openni_image_rgb24.cpp,0,0,0,0,unassessed,no,no
io,io/src/openni_camera/openni_image_yuv_422.cpp,0,0,0,0,unassessed,no,no
io,io/src/openni_camera/openni_ir_image.cpp,0,0,0,0,unassessed,no,no
io,io/src/openni_grabber.cpp,0,0,0,0,unassessed,no,no
io,io/src/pcd_grabber.cpp,0,0,0,0,unassessed,no,no
io,io/src/pcd_io.cpp,0,0,0,0,unassessed,no,no
io,io/src/ply/ply_parser.cpp,0,0,0,0,unassessed,no,no
io,io/src/ply_io.cpp,0,0,0,0,unassessed,no,no
io,io/src/png_io.cpp,0,0,0,0,unassessed,no,no
io,io/src/real_sense/real_sense_device_manager.cpp,0,0,0,0,unassessed,no,no
io,io/src/real_sense_2_grabber.cpp,0,0,0,0,unassessed,no,no
io,io/src/real_sense_grabber.cpp,0,0,0,0,unassessed,no,no
io,io/src/robot_eye_grabber.cpp,0,0,0,0,unassessed,no,no
io,io/src/tim_grabber.cpp,0,0,0,0,unassessed,no,no
io,io/src/vlp_grabber.cpp,0,0,0,0,unassessed,no,no
io,io/src/vtk_io.cpp,0,0,0,0,unassessed,no,no
io,io/src/vtk_lib_io.cpp,0,0,0,0,unassessed,no,no
kdtree,kdtree/include/pcl/kdtree/impl/io.hpp,0,0,0,0,unassessed,no,no
kdtree,kdtree/include/pcl/kdtree/impl/kdtree_flann.hpp,0,0,0,0,unassessed,no,no
kdtree,kdtree/include/pcl/kdtree/io.h,0,0,0,0,unassessed,no,no
kdtree,kdtree/include/pcl/kdtree/kdtree.h,0,0,0,0,unassessed,no,no
kdtree,kdtree/include/pcl/kdtree/kdtree_flann.h,0,0,0,0,unassessed,no,no
kdtree,kdtree/src/kdtree_flann.cpp,0,0,0,0,unassessed,no,no
keypoints,keypoints/include/pcl/keypoints/agast_2d.h,0,0,0,0,unassessed,no,no
keypoints,keypoints/include/pcl/keypoints/brisk_2d.h,0,0,0,0,unassessed,no,no
keypoints,keypoints/include/pcl/keypoints/harris_2d.h,0,0,0,0,unassessed,no,no
keypoints,keypoints/include/pcl/keypoints/harris_3d.h,0,0,0,0,unassessed,no,no
keypoints,keypoints/include/pcl/keypoints/harris_6d.h,0,0,0,0,unassessed,no,no
keypoints,keypoints/include/pcl/keypoints/impl/agast_2d.hpp,0,0,0,0,unassessed,no,no
keypoints,keypoints/include/pcl/keypoints/impl/brisk_2d.hpp,0,0,0,0,unassessed,no,no
keypoints,keypoints/include/pcl/keypoints/impl/harris_2d.hpp,0,0,0,0,unassessed,no,no
keypoints,keypoints/include/pcl/keypoints/impl/harris_3d.hpp,0,0,0,0,unassessed,no,no
keypoints,keypoints/include/pcl/keypoints/impl/harris_6d.hpp,0,0,0,0,unassessed,no,no
keypoints,keypoints/include/pcl/keypoints/impl/iss_3d.hpp,0,0,0,0,unassessed,no,no
keypoints,keypoints/include/pcl/keypoints/impl/keypoint.hpp,0,0,0,0,unassessed,no,no
keypoints,keypoints/include/pcl/keypoints/impl/sift_keypoint.hpp,0,0,0,0,unassessed,no,no
keypoints,keypoints/include/pcl/keypoints/impl/smoothed_surfaces_keypoint.hpp,0,0,0,0,unassessed,no,no
keypoints,keypoints/include/pcl/keypoints/impl/susan.hpp,0,0,0,0,unassessed,no,no
keypoints,keypoints/include/pcl/keypoints/impl/trajkovic_2d.hpp,0,0,0,0,unassessed,no,no
keypoints,keypoints/include/pcl/keypoints/impl/trajkovic_3d.hpp,0,0,0,0,unassessed,no,no
keypoints,keypoints/include/pcl/keypoints/iss_3d.h,0,0,0,0,unassessed,no,no
keypoints,keypoints/include/pcl/keypoints/keypoint.h,0,0,0,0,unassessed,no,no
keypoints,keypoints/include/pcl/keypoints/narf_keypoint.h,0,0,0,0,unassessed,no,no
keypoints,keypoints/include/pcl/keypoints/sift_keypoint.h,0,0,0,0,unassessed,no,no
keypoints,keypoints/include/pcl/keypoints/smoothed_surfaces_keypoint.h,0,0,0,0,unassessed,no,no
keypoints,keypoints/include/pcl/keypoints/susan.h,0,0,0,0,unassessed,no,no
keypoints,keypoints/include/pcl/keypoints/trajkovic_2d.h,0,0,0,0,unassessed,no,no
keypoints,keypoints/include/pcl/keypoints/trajkovic_3d.h,0,0,0,0,unassessed,no,no
keypoints,keypoints/src/agast_2d.cpp,0,0,0,0,unassessed,no,no
keypoints,keypoints/src/brisk_2d.cpp,0,0,0,0,unassessed,no,no
keypoints,keypoints/src/harris_3d.cpp,0,0,0,0,unassessed,no,no
keypoints,keypoints/src/harris_6d.cpp,0,0,0,0,unassessed,no,no
keypoints,keypoints/src/iss_3d.cpp,0,0,0,0,unassessed,no,no
keypoints,keypoints/src/narf_keypoint.cpp,0,0,0,0,unassessed,no,no
keypoints,keypoints/src/sift_keypoint.cpp,0,0,0,0,unassessed,no,no
keypoints,keypoints/src/smoothed_surfaces_keypoint.cpp,0,0,0,0,unassessed,no,no
keypoints,keypoints/src/susan.cpp,0,0,0,0,unassessed,no,no
keypoints,keypoints/src/trajkovic_2d.cpp,0,0,0,0,unassessed,no,no
keypoints,keypoints/src/trajkovic_3d.cpp,0,0,0,0,unassessed,no,no
ml,ml/include/pcl/ml/branch_estimator.h,0,0,0,0,unassessed,no,no
ml,ml/include/pcl/ml/densecrf.h,0,0,0,0,unassessed,no,no
ml,ml/include/pcl/ml/dt/decision_forest.h,0,0,0,0,unassessed,no,no
ml,ml/include/pcl/ml/dt/decision_forest_evaluator.h,0,0,0,0,unassessed,no,no
ml,ml/include/pcl/ml/dt/decision_forest_trainer.h,0,0,0,0,unassessed,no,no
ml,ml/include/pcl/ml/dt/decision_tree.h,0,0,0,0,unassessed,no,no
ml,ml/include/pcl/ml/dt/decision_tree_data_provider.h,0,0,0,0,unassessed,no,no
ml,ml/include/pcl/ml/dt/decision_tree_evaluator.h,0,0,0,0,unassessed,no,no
ml,ml/include/pcl/ml/dt/decision_tree_trainer.h,0,0,0,0,unassessed,no,no
ml,ml/include/pcl/ml/feature_handler.h,0,0,0,0,unassessed,no,no
ml,ml/include/pcl/ml/ferns/fern.h,0,0,0,0,unassessed,no,no
ml,ml/include/pcl/ml/ferns/fern_evaluator.h,0,0,0,0,unassessed,no,no
ml,ml/include/pcl/ml/ferns/fern_trainer.h,0,0,0,0,unassessed,no,no
ml,ml/include/pcl/ml/impl/dt/decision_forest_evaluator.hpp,0,0,0,0,unassessed,no,no
ml,ml/include/pcl/ml/impl/dt/decision_forest_trainer.hpp,0,0,0,0,unassessed,no,no
ml,ml/include/pcl/ml/impl/dt/decision_tree_evaluator.hpp,0,0,0,0,unassessed,no,no
ml,ml/include/pcl/ml/impl/dt/decision_tree_trainer.hpp,0,0,0,0,unassessed,no,no
ml,ml/include/pcl/ml/impl/ferns/fern_evaluator.hpp,0,0,0,0,unassessed,no,no
ml,ml/include/pcl/ml/impl/ferns/fern_trainer.hpp,0,0,0,0,unassessed,no,no
ml,ml/include/pcl/ml/impl/kmeans.hpp,0,0,0,0,unassessed,no,no
ml,ml/include/pcl/ml/impl/svm/svm_wrapper.hpp,0,0,0,0,unassessed,no,no
ml,ml/include/pcl/ml/kmeans.h,0,0,0,0,unassessed,no,no
ml,ml/include/pcl/ml/multi_channel_2d_comparison_feature.h,0,0,0,0,unassessed,no,no
ml,ml/include/pcl/ml/multi_channel_2d_comparison_feature_handler.h,0,0,0,0,unassessed,no,no
ml,ml/include/pcl/ml/multi_channel_2d_data_set.h,0,0,0,0,unassessed,no,no
ml,ml/include/pcl/ml/multiple_data_2d_example_index.h,0,0,0,0,unassessed,no,no
ml,ml/include/pcl/ml/pairwise_potential.h,0,0,0,0,unassessed,no,no
ml,ml/include/pcl/ml/permutohedral.h,0,0,0,0,unassessed,no,no
ml,ml/include/pcl/ml/point_xy_32f.h,0,0,0,0,unassessed,no,no
ml,ml/include/pcl/ml/point_xy_32i.h,0,0,0,0,unassessed,no,no
ml,ml/include/pcl/ml/regression_variance_stats_estimator.h,0,0,0,0,unassessed,no,no
ml,ml/include/pcl/ml/stats_estimator.h,0,0,0,0,unassessed,no,no
ml,ml/include/pcl/ml/svm.h,0,0,0,0,unassessed,no,no
ml,ml/include/pcl/ml/svm_wrapper.h,0,0,0,0,unassessed,no,no
ml,ml/src/densecrf.cpp,0,0,0,0,unassessed,no,no
ml,ml/src/kmeans.cpp,0,0,0,0,unassessed,no,no
ml,ml/src/pairwise_potential.cpp,0,0,0,0,unassessed,no,no
ml,ml/src/permutohedral.cpp,0,0,0,0,unassessed,no,no
ml,ml/src/point_xy_32f.cpp,0,0,0,0,unassessed,no,no
ml,ml/src/point_xy_32i.cpp,0,0,0,0,unassessed,no,no
ml,ml/src/svm.cpp,0,0,0,0,unassessed,no,no
ml,ml/src/svm_wrapper.cpp,0,0,0,0,unassessed,no,no
octree,octree/include/pcl/octree/impl/octree2buf_base.hpp,0,0,0,0,unassessed,no,no
octree,octree/include/pcl/octree/impl/octree_base.hpp,0,0,0,0,unassessed,no,no
octree,octree/include/pcl/octree/impl/octree_iterator.hpp,0,0,0,0,unassessed,no,no
octree,octree/include/pcl/octree/impl/octree_pointcloud.hpp,0,0,0,0,unassessed,no,no
octree,octree/include/pcl/octree/impl/octree_pointcloud_adjacency.hpp,0,0,0,0,unassessed,no,no
octree,octree/include/pcl/octree/impl/octree_pointcloud_voxelcentroid.hpp,0,0,0,0,unassessed,no,no
octree,octree/include/pcl/octree/impl/octree_search.hpp,0,0,0,0,unassessed,no,no
octree,octree/include/pcl/octree/octree.h,0,0,0,0,unassessed,no,no
octree,octree/include/pcl/octree/octree2buf_base.h,0,0,0,0,unassessed,no,no
octree,octree/include/pcl/octree/octree_base.h,0,0,0,0,unassessed,no,no
octree,octree/include/pcl/octree/octree_container.h,0,0,0,0,unassessed,no,no
octree,octree/include/pcl/octree/octree_impl.h,0,0,0,0,unassessed,no,no
octree,octree/include/pcl/octree/octree_iterator.h,0,0,0,0,unassessed,no,no
octree,octree/include/pcl/octree/octree_key.h,0,0,0,0,unassessed,no,no
octree,octree/include/pcl/octree/octree_node_pool.h,0,0,0,0,unassessed,no,no
octree,octree/include/pcl/octree/octree_nodes.h,0,0,0,0,unassessed,no,no
octree,octree/include/pcl/octree/octree_pointcloud.h,0,0,0,0,unassessed,no,no
octree,octree/include/pcl/octree/octree_pointcloud_adjacency.h,0,0,0,0,unassessed,no,no
octree,octree/include/pcl/octree/octree_pointcloud_adjacency_container.h,0,0,0,0,unassessed,no,no
octree,octree/include/pcl/octree/octree_pointcloud_changedetector.h,0,0,0,0,unassessed,no,no
octree,octree/include/pcl/octree/octree_pointcloud_density.h,0,0,0,0,unassessed,no,no
octree,octree/include/pcl/octree/octree_pointcloud_occupancy.h,0,0,0,0,unassessed,no,no
octree,octree/include/pcl/octree/octree_pointcloud_pointvector.h,0,0,0,0,unassessed,no,no
octree,octree/include/pcl/octree/octree_pointcloud_singlepoint.h,0,0,0,0,unassessed,no,no
octree,octree/include/pcl/octree/octree_pointcloud_voxelcentroid.h,0,0,0,0,unassessed,no,no
octree,octree/include/pcl/octree/octree_search.h,0,0,0,0,unassessed,no,no
octree,octree/src/octree_inst.cpp,0,0,0,0,unassessed,no,no
outofcore,outofcore/include/pcl/outofcore/boost.h,0,0,0,0,unassessed,no,no
outofcore,outofcore/include/pcl/outofcore/cJSON.h,0,0,0,0,unassessed,no,no
outofcore,outofcore/include/pcl/outofcore/impl/lru_cache.hpp,0,0,0,0,unassessed,no,no
outofcore,outofcore/include/pcl/outofcore/impl/monitor_queue.hpp,0,0,0,0,unassessed,no,no
outofcore,outofcore/include/pcl/outofcore/impl/octree_base.hpp,0,0,0,0,unassessed,no,no
outofcore,outofcore/include/pcl/outofcore/impl/octree_base_node.hpp,0,0,0,0,unassessed,no,no
outofcore,outofcore/include/pcl/outofcore/impl/octree_disk_container.hpp,0,0,0,0,unassessed,no,no
outofcore,outofcore/include/pcl/outofcore/impl/octree_ram_container.hpp,0,0,0,0,unassessed,no,no
outofcore,outofcore/include/pcl/outofcore/impl/outofcore_breadth_first_iterator.hpp,0,0,0,0,unassessed,no,no
outofcore,outofcore/include/pcl/outofcore/impl/outofcore_depth_first_iterator.hpp,0,0,0,0,unassessed,no,no
outofcore,outofcore/include/pcl/outofcore/metadata.h,0,0,0,0,unassessed,no,no
outofcore,outofcore/include/pcl/outofcore/octree_abstract_node_container.h,0,0,0,0,unassessed,no,no
outofcore,outofcore/include/pcl/outofcore/octree_base.h,0,0,0,0,unassessed,no,no
outofcore,outofcore/include/pcl/outofcore/octree_base_node.h,0,0,0,0,unassessed,no,no
outofcore,outofcore/include/pcl/outofcore/octree_disk_container.h,0,0,0,0,unassessed,no,no
outofcore,outofcore/include/pcl/outofcore/octree_ram_container.h,0,0,0,0,unassessed,no,no
outofcore,outofcore/include/pcl/outofcore/outofcore.h,0,0,0,0,unassessed,no,no
outofcore,outofcore/include/pcl/outofcore/outofcore_base_data.h,0,0,0,0,unassessed,no,no
outofcore,outofcore/include/pcl/outofcore/outofcore_breadth_first_iterator.h,0,0,0,0,unassessed,no,no
outofcore,outofcore/include/pcl/outofcore/outofcore_depth_first_iterator.h,0,0,0,0,unassessed,no,no
outofcore,outofcore/include/pcl/outofcore/outofcore_impl.h,0,0,0,0,unassessed,no,no
outofcore,outofcore/include/pcl/outofcore/outofcore_iterator_base.h,0,0,0,0,unassessed,no,no
outofcore,outofcore/include/pcl/outofcore/outofcore_node_data.h,0,0,0,0,unassessed,no,no
outofcore,outofcore/include/pcl/outofcore/visualization/axes.h,0,0,0,0,unassessed,no,no
outofcore,outofcore/include/pcl/outofcore/visualization/camera.h,0,0,0,0,unassessed,no,no
outofcore,outofcore/include/pcl/outofcore/visualization/common.h,0,0,0,0,unassessed,no,no
outofcore,outofcore/include/pcl/outofcore/visualization/geometry.h,0,0,0,0,unassessed,no,no
outofcore,outofcore/include/pcl/outofcore/visualization/grid.h,0,0,0,0,unassessed,no,no
outofcore,outofcore/include/pcl/outofcore/visualization/object.h,0,0,0,0,unassessed,no,no
outofcore,outofcore/include/pcl/outofcore/visualization/outofcore_cloud.h,0,0,0,0,unassessed,no,no
outofcore,outofcore/include/pcl/outofcore/visualization/scene.h,0,0,0,0,unassessed,no,no
outofcore,outofcore/include/pcl/outofcore/visualization/viewport.h,0,0,0,0,unassessed,no,no
outofcore,outofcore/src/cJSON.cpp,0,0,0,0,unassessed,no,no
outofcore,outofcore/src/outofcore_base_data.cpp,0,0,0,0,unassessed,no,no
outofcore,outofcore/src/outofcore_node_data.cpp,0,0,0,0,unassessed,no,no
outofcore,outofcore/src/visualization/camera.cpp,0,0,0,0,unassessed,no,no
outofcore,outofcore/src/visualization/common.cpp,0,0,0,0,unassessed,no,no
outofcore,outofcore/src/visualization/grid.cpp,0,0,0,0,unassessed,no,no
outofcore,outofcore/src/visualization/object.cpp,0,0,0,0,unassessed,no,no
outofcore,outofcore/src/visualization/outofcore_cloud.cpp,0,0,0,0,unassessed,no,no
outofcore,outofcore/src/visualization/scene.cpp,0,0,0,0,unassessed,no,no
outofcore,outofcore/src/visualization/viewport.cpp,0,0,0,0,unassessed,no,no
outofcore,outofcore/tools/outofcore_print.cpp,0,0,0,0,unassessed,no,no
outofcore,outofcore/tools/outofcore_process.cpp,0,0,0,0,unassessed,no,no
outofcore,outofcore/tools/outofcore_viewer.cpp,0,0,0,0,unassessed,no,no
recognition,recognition/include/pcl/recognition/cg/correspondence_grouping.h,0,0,0,0,unassessed,no,no
recognition,recognition/include/pcl/recognition/cg/geometric_consistency.h,0,0,0,0,unassessed,no,no
recognition,recognition/include/pcl/recognition/cg/hough_3d.h,0,0,0,0,unassessed,no,no
recognition,recognition/include/pcl/recognition/color_gradient_dot_modality.h,0,0,0,0,unassessed,no,no
recognition,recognition/include/pcl/recognition/color_gradient_modality.h,0,0,0,0,unassessed,no,no
recognition,recognition/include/pcl/recognition/color_modality.h,0,0,0,0,unassessed,no,no
recognition,recognition/include/pcl/recognition/crh_alignment.h,0,0,0,0,unassessed,no,no
recognition,recognition/include/pcl/recognition/dense_quantized_multi_mod_template.h,0,0,0,0,unassessed,no,no
recognition,recognition/include/pcl/recognition/distance_map.h,0,0,0,0,unassessed,no,no
recognition,recognition/include/pcl/recognition/dot_modality.h,0,0,0,0,unassessed,no,no
recognition,recognition/include/pcl/recognition/dotmod.h,0,0,0,0,unassessed,no,no
recognition,recognition/include/pcl/recognition/face_detection/face_common.h,0,0,0,0,unassessed,no,no
recognition,recognition/include/pcl/recognition/face_detection/face_detector_data_provider.h,0,0,0,0,unassessed,no,no
recognition,recognition/include/pcl/recognition/face_detection/rf_face_detector_trainer.h,0,0,0,0,unassessed,no,no
recognition,recognition/include/pcl/recognition/face_detection/rf_face_utils.h,0,0,0,0,unassessed,no,no
recognition,recognition/include/pcl/recognition/hv/greedy_verification.h,0,0,0,0,unassessed,no,no
recognition,recognition/include/pcl/recognition/hv/hv_go.h,0,0,0,0,unassessed,no,no
recognition,recognition/include/pcl/recognition/hv/hv_papazov.h,0,0,0,0,unassessed,no,no
recognition,recognition/include/pcl/recognition/hv/hypotheses_verification.h,0,0,0,0,unassessed,no,no
recognition,recognition/include/pcl/recognition/hv/occlusion_reasoning.h,0,0,0,0,unassessed,no,no
recognition,recognition/include/pcl/recognition/impl/cg/correspondence_grouping.hpp,0,0,0,0,unassessed,no,no
recognition,recognition/include/pcl/recognition/impl/cg/geometric_consistency.hpp,0,0,0,0,unassessed,no,no
recognition,recognition/include/pcl/recognition/impl/cg/hough_3d.hpp,0,0,0,0,unassessed,no,no
recognition,recognition/include/pcl/recognition/impl/hv/greedy_verification.hpp,0,0,0,0,unassessed,no,no
recognition,recognition/include/pcl/recognition/impl/hv/hv_go.hpp,0,0,0,0,unassessed,no,no
recognition,recognition/include/pcl/recognition/impl/hv/hv_papazov.hpp,0,0,0,0,unassessed,no,no
recognition,recognition/include/pcl/recognition/impl/hv/occlusion_reasoning.hpp,0,0,0,0,unassessed,no,no
recognition,recognition/include/pcl/recognition/impl/implicit_shape_model.hpp,0,0,0,0,unassessed,no,no
recognition,recognition/include/pcl/recognition/impl/linemod/line_rgbd.hpp,0,0,0,0,unassessed,no,no
recognition,recognition/include/pcl/recognition/impl/ransac_based/simple_octree.hpp,0,0,0,0,unassessed,no,no
recognition,recognition/include/pcl/recognition/impl/ransac_based/voxel_structure.hpp,0,0,0,0,unassessed,no,no
recognition,recognition/include/pcl/recognition/implicit_shape_model.h,0,0,0,0,unassessed,no,no
recognition,recognition/include/pcl/recognition/linemod/line_rgbd.h,0,0,0,0,unassessed,no,no
recognition,recognition/include/pcl/recognition/linemod.h,0,0,0,0,unassessed,no,no
recognition,recognition/include/pcl/recognition/mask_map.h,0,0,0,0,unassessed,no,no
recognition,recognition/include/pcl/recognition/point_types.h,0,0,0,0,unassessed,no,no
recognition,recognition/include/pcl/recognition/quantizable_modality.h,0,0,0,0,unassessed,no,no
recognition,recognition/include/pcl/recognition/quantized_map.h,0,0,0,0,unassessed,no,no
recognition,recognition/include/pcl/recognition/ransac_based/auxiliary.h,0,0,0,0,unassessed,no,no
recognition,recognition/include/pcl/recognition/ransac_based/bvh.h,0,0,0,0,unassessed,no,no
recognition,recognition/include/pcl/recognition/ransac_based/hypothesis.h,0,0,0,0,unassessed,no,no
recognition,recognition/include/pcl/recognition/ransac_based/model_library.h,0,0,0,0,unassessed,no,no
recognition,recognition/include/pcl/recognition/ransac_based/obj_rec_ransac.h,0,0,0,0,unassessed,no,no
recognition,recognition/include/pcl/recognition/ransac_based/orr_graph.h,0,0,0,0,unassessed,no,no
recognition,recognition/include/pcl/recognition/ransac_based/orr_octree.h,0,0,0,0,unassessed,no,no
recognition,recognition/include/pcl/recognition/ransac_based/orr_octree_zprojection.h,0,0,0,0,unassessed,no,no
recognition,recognition/include/pcl/recognition/ransac_based/rigid_transform_space.h,0,0,0,0,unassessed,no,no
recognition,recognition/include/pcl/recognition/ransac_based/simple_octree.h,0,0,0,0,unassessed,no,no
recognition,recognition/include/pcl/recognition/ransac_based/trimmed_icp.h,0,0,0,0,unassessed,no,no
recognition,recognition/include/pcl/recognition/ransac_based/voxel_structure.h,0,0,0,0,unassessed,no,no
recognition,recognition/include/pcl/recognition/region_xy.h,0,0,0,0,unassessed,no,no
recognition,recognition/include/pcl/recognition/sparse_quantized_multi_mod_template.h,0,0,0,0,unassessed,no,no
recognition,recognition/include/pcl/recognition/surface_normal_modality.h,0,0,0,0,unassessed,no,no
recognition,recognition/src/cg/geometric_consistency.cpp,0,0,0,0,unassessed,no,no
recognition,recognition/src/cg/hough_3d.cpp,0,0,0,0,unassessed,no,no
recognition,recognition/src/dotmod.cpp,0,0,0,0,unassessed,no,no
recognition,recognition/src/face_detection/face_detector_data_provider.cpp,0,0,0,0,unassessed,no,no
recognition,recognition/src/face_detection/rf_face_detector_trainer.cpp,0,0,0,0,unassessed,no,no
recognition,recognition/src/hv/greedy_verification.cpp,0,0,0,0,unassessed,no,no
recognition,recognition/src/hv/hv_go.cpp,0,0,0,0,unassessed,no,no
recognition,recognition/src/hv/hv_papazov.cpp,0,0,0,0,unassessed,no,no
recognition,recognition/src/hv/occlusion_reasoning.cpp,0,0,0,0,unassessed,no,no
recognition,recognition/src/implicit_shape_model.cpp,0,0,0,0,unassessed,no,no
recognition,recognition/src/linemod.cpp,0,0,0,0,unassessed,no,no
recognition,recognition/src/mask_map.cpp,0,0,0,0,unassessed,no,no
recognition,recognition/src/quantizable_modality.cpp,0,0,0,0,unassessed,no,no
recognition,recognition/src/ransac_based/model_library.cpp,0,0,0,0,unassessed,no,no
recognition,recognition/src/ransac_based/obj_rec_ransac.cpp,0,0,0,0,unassessed,no,no
recognition,recognition/src/ransac_based/orr_octree.cpp,0,0,0,0,unassessed,no,no
recognition,recognition/src/ransac_based/orr_octree_zprojection.cpp,0,0,0,0,unassessed,no,no
registration,registration/include/pcl/registration/bfgs.h,0,0,0,0,unassessed,no,no
registration,registration/include/pcl/registration/boost_graph.h,0,0,0,0,unassessed,no,no
registration,registration/include/pcl/registration/convergence_criteria.h,0,0,0,0,unassessed,no,no
registration,registration/include/pcl/registration/correspondence_estimation.h,0,0,0,0,unassessed,no,no
registration,registration/include/pcl/registration/correspondence_estimation_backprojection.h,0,0,0,0,unassessed,no,no
registration,registration/include/pcl/registration/correspondence_estimation_normal_shooting.h,0,0,0,0,unassessed,no,no
registration,registration/include/pcl/registration/correspondence_estimation_organized_projection.h,0,0,0,0,unassessed,no,no
registration,registration/include/pcl/registration/correspondence_rejection.h,0,0,0,0,unassessed,no,no
registration,registration/include/pcl/registration/correspondence_rejection_distance.h,0,0,0,0,unassessed,no,no
registration,registration/include/pcl/registration/correspondence_rejection_features.h,0,0,0,0,unassessed,no,no
registration,registration/include/pcl/registration/correspondence_rejection_median_distance.h,0,0,0,0,unassessed,no,no
registration,registration/include/pcl/registration/correspondence_rejection_one_to_one.h,0,0,0,0,unassessed,no,no
registration,registration/include/pcl/registration/correspondence_rejection_organized_boundary.h,0,0,0,0,unassessed,no,no
registration,registration/include/pcl/registration/correspondence_rejection_poly.h,0,0,0,0,unassessed,no,no
registration,registration/include/pcl/registration/correspondence_rejection_sample_consensus.h,0,0,0,0,unassessed,no,no
registration,registration/include/pcl/registration/correspondence_rejection_sample_consensus_2d.h,0,0,0,0,unassessed,no,no
registration,registration/include/pcl/registration/correspondence_rejection_surface_normal.h,0,0,0,0,unassessed,no,no
registration,registration/include/pcl/registration/correspondence_rejection_trimmed.h,0,0,0,0,unassessed,no,no
registration,registration/include/pcl/registration/correspondence_rejection_var_trimmed.h,0,0,0,0,unassessed,no,no
registration,registration/include/pcl/registration/correspondence_sorting.h,0,0,0,0,unassessed,no,no
registration,registration/include/pcl/registration/correspondence_types.h,0,0,0,0,unassessed,no,no
registration,registration/include/pcl/registration/default_convergence_criteria.h,0,0,0,0,unassessed,no,no
registration,registration/include/pcl/registration/distances.h,0,0,0,0,unassessed,no,no
registration,registration/include/pcl/registration/edge_measurements.h,0,0,0,0,unassessed,no,no
registration,registration/include/pcl/registration/elch.h,0,0,0,0,unassessed,no,no
registration,registration/include/pcl/registration/exceptions.h,0,0,0,0,unassessed,no,no
registration,registration/include/pcl/registration/gicp.h,0,0,0,0,unassessed,no,no
registration,registration/include/pcl/registration/gicp6d.h,0,0,0,0,unassessed,no,no
registration,registration/include/pcl/registration/graph_handler.h,0,0,0,0,unassessed,no,no
registration,registration/include/pcl/registration/graph_optimizer.h,0,0,0,0,unassessed,no,no
registration,registration/include/pcl/registration/graph_registration.h,0,0,0,0,unassessed,no,no
registration,registration/include/pcl/registration/ia_fpcs.h,0,0,0,0,unassessed,no,no
registration,registration/include/pcl/registration/ia_kfpcs.h,0,0,0,0,unassessed,no,no
registration,registration/include/pcl/registration/ia_ransac.h,0,0,0,0,unassessed,no,no
registration,registration/include/pcl/registration/icp.h,0,0,0,0,unassessed,no,no
registration,registration/include/pcl/registration/icp_nl.h,0,0,0,0,unassessed,no,no
registration,registration/include/pcl/registration/impl/correspondence_estimation.hpp,0,0,0,0,unassessed,no,no
registration,registration/include/pcl/registration/impl/correspondence_estimation_backprojection.hpp,0,0,0,0,unassessed,no,no
registration,registration/include/pcl/registration/impl/correspondence_estimation_normal_shooting.hpp,0,0,0,0,unassessed,no,no
registration,registration/include/pcl/registration/impl/correspondence_estimation_organized_projection.hpp,0,0,0,0,unassessed,no,no
registration,registration/include/pcl/registration/impl/correspondence_rejection_features.hpp,0,0,0,0,unassessed,no,no
registration,registration/include/pcl/registration/impl/correspondence_rejection_poly.hpp,0,0,0,0,unassessed,no,no
registration,registration/include/pcl/registration/impl/correspondence_rejection_sample_consensus.hpp,0,0,0,0,unassessed,no,no
registration,registration/include/pcl/registration/impl/correspondence_rejection_sample_consensus_2d.hpp,0,0,0,0,unassessed,no,no
registration,registration/include/pcl/registration/impl/correspondence_types.hpp,0,0,0,0,unassessed,no,no
registration,registration/include/pcl/registration/impl/default_convergence_criteria.hpp,0,0,0,0,unassessed,no,no
registration,registration/include/pcl/registration/impl/elch.hpp,0,0,0,0,unassessed,no,no
registration,registration/include/pcl/registration/impl/gicp.hpp,0,0,0,0,unassessed,no,no
registration,registration/include/pcl/registration/impl/ia_fpcs.hpp,0,0,0,0,unassessed,no,no
registration,registration/include/pcl/registration/impl/ia_kfpcs.hpp,0,0,0,0,unassessed,no,no
registration,registration/include/pcl/registration/impl/ia_ransac.hpp,0,0,0,0,unassessed,no,no
registration,registration/include/pcl/registration/impl/icp.hpp,0,0,0,0,unassessed,no,no
registration,registration/include/pcl/registration/impl/icp_nl.hpp,0,0,0,0,unassessed,no,no
registration,registration/include/pcl/registration/impl/incremental_registration.hpp,0,0,0,0,unassessed,no,no
registration,registration/include/pcl/registration/impl/joint_icp.hpp,0,0,0,0,unassessed,no,no
registration,registration/include/pcl/registration/impl/lum.hpp,0,0,0,0,unassessed,no,no
registration,registration/include/pcl/registration/impl/meta_registration.hpp,0,0,0,0,unassessed,no,no
registration,registration/include/pcl/registration/impl/ndt.hpp,0,0,0,0,unassessed,no,no
registration,registration/include/pcl/registration/impl/ndt_2d.hpp,0,0,0,0,unassessed,no,no
registration,registration/include/pcl/registration/impl/pairwise_graph_registration.hpp,0,0,0,0,unassessed,no,no
registration,registration/include/pcl/registration/impl/ppf_registration.hpp,0,0,0,0,unassessed,no,no
registration,registration/include/pcl/registration/impl/pyramid_feature_matching.hpp,0,0,0,0,unassessed,no,no
registration,registration/include/pcl/registration/impl/registration.hpp,0,0,0,0,unassessed,no,no
registration,registration/include/pcl/registration/impl/sample_consensus_prerejective.hpp,0,0,0,0,unassessed,no,no
registration,registration/include/pcl/registration/impl/transformation_estimation_2D.hpp,0,0,0,0,unassessed,no,no
registration,registration/include/pcl/registration/impl/transformation_estimation_3point.hpp,0,0,0,0,unassessed,no,no
registration,registration/include/pcl/registration/impl/transformation_estimation_dual_quaternion.hpp,0,0,0,0,unassessed,no,no
registration,registration/include/pcl/registration/impl/transformation_estimation_lm.hpp,0,0,0,0,unassessed,no,no
registration,registration/include/pcl/registration/impl/transformation_estimation_point_to_plane_lls.hpp,0,0,0,0,unassessed,no,no
registration,registration/include/pcl/registration/impl/transformation_estimation_point_to_plane_lls_weighted.hpp,0,0,0,0,unassessed,no,no
registration,registration/include/pcl/registration/impl/transformation_estimation_point_to_plane_weighted.hpp,0,0,0,0,unassessed,no,no
registration,registration/include/pcl/registration/impl/transformation_estimation_svd.hpp,0,0,0,0,unassessed,no,no
registration,registration/include/pcl/registration/impl/transformation_estimation_svd_scale.hpp,0,0,0,0,unassessed,no,no
registration,registration/include/pcl/registration/impl/transformation_estimation_symmetric_point_to_plane_lls.hpp,0,0,0,0,unassessed,no,no
registration,registration/include/pcl/registration/impl/transformation_validation_euclidean.hpp,0,0,0,0,unassessed,no,no
registration,registration/include/pcl/registration/incremental_registration.h,0,0,0,0,unassessed,no,no
registration,registration/include/pcl/registration/joint_icp.h,0,0,0,0,unassessed,no,no
registration,registration/include/pcl/registration/lum.h,0,0,0,0,unassessed,no,no
registration,registration/include/pcl/registration/matching_candidate.h,0,0,0,0,unassessed,no,no
registration,registration/include/pcl/registration/meta_registration.h,0,0,0,0,unassessed,no,no
registration,registration/include/pcl/registration/ndt.h,0,0,0,0,unassessed,no,no
registration,registration/include/pcl/registration/ndt_2d.h,0,0,0,0,unassessed,no,no
registration,registration/include/pcl/registration/pairwise_graph_registration.h,0,0,0,0,unassessed,no,no
registration,registration/include/pcl/registration/ppf_registration.h,0,0,0,0,unassessed,no,no
registration,registration/include/pcl/registration/pyramid_feature_matching.h,0,0,0,0,unassessed,no,no
registration,registration/include/pcl/registration/registration.h,0,0,0,0,unassessed,no,no
registration,registration/include/pcl/registration/sample_consensus_prerejective.h,0,0,0,0,unassessed,no,no
registration,registration/include/pcl/registration/transformation_estimation.h,0,0,0,0,unassessed,no,no
registration,registration/include/pcl/registration/transformation_estimation_2D.h,0,0,0,0,unassessed,no,no
registration,registration/include/pcl/registration/transformation_estimation_3point.h,0,0,0,0,unassessed,no,no
registration,registration/include/pcl/registration/transformation_estimation_dual_quaternion.h,0,0,0,0,unassessed,no,no
registration,registration/include/pcl/registration/transformation_estimation_lm.h,0,0,0,0,unassessed,no,no
registration,registration/include/pcl/registration/transformation_estimation_point_to_plane.h,0,0,0,0,unassessed,no,no
registration,registration/include/pcl/registration/transformation_estimation_point_to_plane_lls.h,0,0,0,0,unassessed,no,no
registration,registration/include/pcl/registration/transformation_estimation_point_to_plane_lls_weighted.h,0,0,0,0,unassessed,no,no
registration,registration/include/pcl/registration/transformation_estimation_point_to_plane_weighted.h,0,0,0,0,unassessed,no,no
registration,registration/include/pcl/registration/transformation_estimation_svd.h,0,0,0,0,unassessed,no,no
registration,registration/include/pcl/registration/transformation_estimation_svd_scale.h,0,0,0,0,unassessed,no,no
registration,registration/include/pcl/registration/transformation_estimation_symmetric_point_to_plane_lls.h,0,0,0,0,unassessed,no,no
registration,registration/include/pcl/registration/transformation_validation.h,0,0,0,0,unassessed,no,no
registration,registration/include/pcl/registration/transformation_validation_euclidean.h,0,0,0,0,unassessed,no,no
registration,registration/include/pcl/registration/vertex_estimates.h,0,0,0,0,unassessed,no,no
registration,registration/include/pcl/registration/warp_point_rigid.h,0,0,0,0,unassessed,no,no
registration,registration/include/pcl/registration/warp_point_rigid_3d.h,0,0,0,0,unassessed,no,no
registration,registration/include/pcl/registration/warp_point_rigid_6d.h,0,0,0,0,unassessed,no,no
registration,registration/src/correspondence_estimation.cpp,0,0,0,0,unassessed,no,no
registration,registration/src/correspondence_estimation_backprojection.cpp,0,0,0,0,unassessed,no,no
registration,registration/src/correspondence_estimation_normal_shooting.cpp,0,0,0,0,unassessed,no,no
registration,registration/src/correspondence_estimation_organized_projection.cpp,0,0,0,0,unassessed,no,no
registration,registration/src/correspondence_rejection_distance.cpp,0,0,0,0,unassessed,no,no
registration,registration/src/correspondence_rejection_features.cpp,0,0,0,0,unassessed,no,no
registration,registration/src/correspondence_rejection_median_distance.cpp,0,0,0,0,unassessed,no,no
registration,registration/src/correspondence_rejection_one_to_one.cpp,0,0,0,0,unassessed,no,no
registration,registration/src/correspondence_rejection_organized_boundary.cpp,0,0,0,0,unassessed,no,no
registration,registration/src/correspondence_rejection_poly.cpp,0,0,0,0,unassessed,no,no
registration,registration/src/correspondence_rejection_sample_consensus.cpp,0,0,0,0,unassessed,no,no
registration,registration/src/correspondence_rejection_sample_consensus_2d.cpp,0,0,0,0,unassessed,no,no
registration,registration/src/correspondence_rejection_surface_normal.cpp,0,0,0,0,unassessed,no,no
registration,registration/src/correspondence_rejection_trimmed.cpp,0,0,0,0,unassessed,no,no
registration,registration/src/correspondence_rejection_var_trimmed.cpp,0,0,0,0,unassessed,no,no
registration,registration/src/correspondence_types.cpp,0,0,0,0,unassessed,no,no
registration,registration/src/elch.cpp,0,0,0,0,unassessed,no,no
registration,registration/src/gicp.cpp,0,0,0,0,unassessed,no,no
registration,registration/src/gicp6d.cpp,0,0,0,0,unassessed,no,no
registration,registration/src/ia_ransac.cpp,0,0,0,0,unassessed,no,no
registration,registration/src/icp.cpp,0,0,0,0,unassessed,no,no
registration,registration/src/icp_nl.cpp,0,0,0,0,unassessed,no,no
registration,registration/src/joint_icp.cpp,0,0,0,0,unassessed,no,no
registration,registration/src/lum.cpp,0,0,0,0,unassessed,no,no
registration,registration/src/ndt.cpp,0,0,0,0,unassessed,no,no
registration,registration/src/ndt_2d.cpp,0,0,0,0,unassessed,no,no
registration,registration/src/pairwise_graph_registration.cpp,0,0,0,0,unassessed,no,no
registration,registration/src/ppf_registration.cpp,0,0,0,0,unassessed,no,no
registration,registration/src/pyramid_feature_matching.cpp,0,0,0,0,unassessed,no,no
registration,registration/src/registration.cpp,0,0,0,0,unassessed,no,no
registration,registration/src/sample_consensus_prerejective.cpp,0,0,0,0,unassessed,no,no
registration,registration/src/transformation_estimation_2D.cpp,0,0,0,0,unassessed,no,no
registration,registration/src/transformation_estimation_dual_quaternion.cpp,0,0,0,0,unassessed,no,no
registration,registration/src/transformation_estimation_lm.cpp,0,0,0,0,unassessed,no,no
registration,registration/src/transformation_estimation_point_to_plane_lls.cpp,0,0,0,0,unassessed,no,no
registration,registration/src/transformation_estimation_point_to_plane_lls_weighted.cpp,0,0,0,0,unassessed,no,no
registration,registration/src/transformation_estimation_point_to_plane_weighted.cpp,0,0,0,0,unassessed,no,no
registration,registration/src/transformation_estimation_svd.cpp,0,0,0,0,unassessed,no,no
registration,registration/src/transformation_estimation_svd_scale.cpp,0,0,0,0,unassessed,no,no
registration,registration/src/transformation_validation_euclidean.cpp,0,0,0,0,unassessed,no,no
sample_consensus,sample_consensus/include/pcl/sample_consensus/impl/lmeds.hpp,0,0,0,0,unassessed,no,no
sample_consensus,sample_consensus/include/pcl/sample_consensus/impl/mlesac.hpp,0,0,0,0,unassessed,no,no
sample_consensus,sample_consensus/include/pcl/sample_consensus/impl/msac.hpp,0,0,0,0,unassessed,no,no
sample_consensus,sample_consensus/include/pcl/sample_consensus/impl/prosac.hpp,0,0,0,0,unassessed,no,no
sample_consensus,sample_consensus/include/pcl/sample_consensus/impl/ransac.hpp,0,0,0,0,unassessed,no,no
sample_consensus,sample_consensus/include/pcl/sample_consensus/impl/rmsac.hpp,0,0,0,0,unassessed,no,no
sample_consensus,sample_consensus/include/pcl/sample_consensus/impl/rransac.hpp,0,0,0,0,unassessed,no,no
sample_consensus,sample_consensus/include/pcl/sample_consensus/impl/sac_model_circle.hpp,0,0,0,0,unassessed,no,no
sample_consensus,sample_consensus/include/pcl/sample_consensus/impl/sac_model_circle3d.hpp,0,0,0,0,unassessed,no,no
sample_consensus,sample_consensus/include/pcl/sample_consensus/impl/sac_model_cone.hpp,0,0,0,0,unassessed,no,no
sample_consensus,sample_consensus/include/pcl/sample_consensus/impl/sac_model_cylinder.hpp,0,0,0,0,unassessed,no,no
sample_consensus,sample_consensus/include/pcl/sample_consensus/impl/sac_model_ellipse3d.hpp,0,0,0,0,unassessed,no,no
sample_consensus,sample_consensus/include/pcl/sample_consensus/impl/sac_model_line.hpp,0,0,0,0,unassessed,no,no
sample_consensus,sample_consensus/include/pcl/sample_consensus/impl/sac_model_normal_parallel_plane.hpp,0,0,0,0,unassessed,no,no
sample_consensus,sample_consensus/include/pcl/sample_consensus/impl/sac_model_normal_plane.hpp,0,0,0,0,unassessed,no,no
sample_consensus,sample_consensus/include/pcl/sample_consensus/impl/sac_model_normal_sphere.hpp,0,0,0,0,unassessed,no,no
sample_consensus,sample_consensus/include/pcl/sample_consensus/impl/sac_model_parallel_line.hpp,0,0,0,0,unassessed,no,no
sample_consensus,sample_consensus/include/pcl/sample_consensus/impl/sac_model_parallel_plane.hpp,0,0,0,0,unassessed,no,no
sample_consensus,sample_consensus/include/pcl/sample_consensus/impl/sac_model_perpendicular_plane.hpp,0,0,0,0,unassessed,no,no
sample_consensus,sample_consensus/include/pcl/sample_consensus/impl/sac_model_plane.hpp,0,0,0,0,unassessed,no,no
sample_consensus,sample_consensus/include/pcl/sample_consensus/impl/sac_model_registration.hpp,0,0,0,0,unassessed,no,no
sample_consensus,sample_consensus/include/pcl/sample_consensus/impl/sac_model_registration_2d.hpp,0,0,0,0,unassessed,no,no
sample_consensus,sample_consensus/include/pcl/sample_consensus/impl/sac_model_sphere.hpp,0,0,0,0,unassessed,no,no
sample_consensus,sample_consensus/include/pcl/sample_consensus/impl/sac_model_stick.hpp,0,0,0,0,unassessed,no,no
sample_consensus,sample_consensus/include/pcl/sample_consensus/impl/sac_model_torus.hpp,0,0,0,0,unassessed,no,no
sample_consensus,sample_consensus/include/pcl/sample_consensus/lmeds.h,0,0,0,0,unassessed,no,no
sample_consensus,sample_consensus/include/pcl/sample_consensus/method_types.h,0,0,0,0,unassessed,no,no
sample_consensus,sample_consensus/include/pcl/sample_consensus/mlesac.h,0,0,0,0,unassessed,no,no
sample_consensus,sample_consensus/include/pcl/sample_consensus/model_types.h,0,0,0,0,unassessed,no,no
sample_consensus,sample_consensus/include/pcl/sample_consensus/msac.h,0,0,0,0,unassessed,no,no
sample_consensus,sample_consensus/include/pcl/sample_consensus/prosac.h,0,0,0,0,unassessed,no,no
sample_consensus,sample_consensus/include/pcl/sample_consensus/ransac.h,0,0,0,0,unassessed,no,no
sample_consensus,sample_consensus/include/pcl/sample_consensus/rmsac.h,0,0,0,0,unassessed,no,no
sample_consensus,sample_consensus/include/pcl/sample_consensus/rransac.h,0,0,0,0,unassessed,no,no
sample_consensus,sample_consensus/include/pcl/sample_consensus/sac.h,0,0,0,0,unassessed,no,no
sample_consensus,sample_consensus/include/pcl/sample_consensus/sac_model.h,0,0,0,0,unassessed,no,no
sample_consensus,sample_consensus/include/pcl/sample_consensus/sac_model_circle.h,0,0,0,0,unassessed,no,no
sample_consensus,sample_consensus/include/pcl/sample_consensus/sac_model_circle3d.h,0,0,0,0,unassessed,no,no
sample_consensus,sample_consensus/include/pcl/sample_consensus/sac_model_cone.h,0,0,0,0,unassessed,no,no
sample_consensus,sample_consensus/include/pcl/sample_consensus/sac_model_cylinder.h,0,0,0,0,unassessed,no,no
sample_consensus,sample_consensus/include/pcl/sample_consensus/sac_model_ellipse3d.h,0,0,0,0,unassessed,no,no
sample_consensus,sample_consensus/include/pcl/sample_consensus/sac_model_line.h,0,0,0,0,unassessed,no,no
sample_consensus,sample_consensus/include/pcl/sample_consensus/sac_model_normal_parallel_plane.h,0,0,0,0,unassessed,no,no
sample_consensus,sample_consensus/include/pcl/sample_consensus/sac_model_normal_plane.h,0,0,0,0,unassessed,no,no
sample_consensus,sample_consensus/include/pcl/sample_consensus/sac_model_normal_sphere.h,0,0,0,0,unassessed,no,no
sample_consensus,sample_consensus/include/pcl/sample_consensus/sac_model_parallel_line.h,0,0,0,0,unassessed,no,no
sample_consensus,sample_consensus/include/pcl/sample_consensus/sac_model_parallel_plane.h,0,0,0,0,unassessed,no,no
sample_consensus,sample_consensus/include/pcl/sample_consensus/sac_model_perpendicular_plane.h,0,0,0,0,unassessed,no,no
sample_consensus,sample_consensus/include/pcl/sample_consensus/sac_model_plane.h,0,0,0,0,unassessed,no,no
sample_consensus,sample_consensus/include/pcl/sample_consensus/sac_model_registration.h,0,0,0,0,unassessed,no,no
sample_consensus,sample_consensus/include/pcl/sample_consensus/sac_model_registration_2d.h,0,0,0,0,unassessed,no,no
sample_consensus,sample_consensus/include/pcl/sample_consensus/sac_model_sphere.h,0,0,0,0,unassessed,no,no
sample_consensus,sample_consensus/include/pcl/sample_consensus/sac_model_stick.h,0,0,0,0,unassessed,no,no
sample_consensus,sample_consensus/include/pcl/sample_consensus/sac_model_torus.h,0,0,0,0,unassessed,no,no
sample_consensus,sample_consensus/src/sac.cpp,0,0,0,0,unassessed,no,no
sample_consensus,sample_consensus/src/sac_model_circle.cpp,0,0,0,0,unassessed,no,no
sample_consensus,sample_consensus/src/sac_model_circle3d.cpp,0,0,0,0,unassessed,no,no
sample_consensus,sample_consensus/src/sac_model_cone.cpp,0,0,0,0,unassessed,no,no
sample_consensus,sample_consensus/src/sac_model_cylinder.cpp,0,0,0,0,unassessed,no,no
sample_consensus,sample_consensus/src/sac_model_ellipse3d.cpp,0,0,0,0,unassessed,no,no
sample_consensus,sample_consensus/src/sac_model_line.cpp,0,0,0,0,unassessed,no,no
sample_consensus,sample_consensus/src/sac_model_normal_parallel_plane.cpp,0,0,0,0,unassessed,no,no
sample_consensus,sample_consensus/src/sac_model_normal_plane.cpp,0,0,0,0,unassessed,no,no
sample_consensus,sample_consensus/src/sac_model_normal_sphere.cpp,0,0,0,0,unassessed,no,no
sample_consensus,sample_consensus/src/sac_model_parallel_line.cpp,0,0,0,0,unassessed,no,no
sample_consensus,sample_consensus/src/sac_model_plane.cpp,0,0,0,0,unassessed,no,no
sample_consensus,sample_consensus/src/sac_model_registration.cpp,0,0,0,0,unassessed,no,no
sample_consensus,sample_consensus/src/sac_model_sphere.cpp,0,0,0,0,unassessed,no,no
sample_consensus,sample_consensus/src/sac_model_stick.cpp,0,0,0,0,unassessed,no,no
sample_consensus,sample_consensus/src/sac_model_torus.cpp,0,0,0,0,unassessed,no,no
search,search/include/pcl/search/auto.h,0,0,0,0,unassessed,no,no
search,search/include/pcl/search/brute_force.h,0,0,0,0,unassessed,no,no
search,search/include/pcl/search/flann_search.h,0,0,0,0,unassessed,no,no
search,search/include/pcl/search/impl/auto.hpp,0,0,0,0,unassessed,no,no
search,search/include/pcl/search/impl/brute_force.hpp,0,0,0,0,unassessed,no,no
search,search/include/pcl/search/impl/flann_search.hpp,0,0,0,0,unassessed,no,no
search,search/include/pcl/search/impl/kdtree.hpp,0,0,0,0,unassessed,no,no
search,search/include/pcl/search/impl/organized.hpp,0,0,0,0,unassessed,no,no
search,search/include/pcl/search/impl/search.hpp,0,0,0,0,unassessed,no,no
search,search/include/pcl/search/kdtree.h,0,0,0,0,unassessed,no,no
search,search/include/pcl/search/kdtree_nanoflann.h,0,0,0,0,unassessed,no,no
search,search/include/pcl/search/octree.h,0,0,0,0,unassessed,no,no
search,search/include/pcl/search/organized.h,0,0,0,0,unassessed,no,no
search,search/include/pcl/search/pcl_search.h,0,0,0,0,unassessed,no,no
search,search/include/pcl/search/search.h,0,0,0,0,unassessed,no,no
search,search/src/auto.cpp,0,0,0,0,unassessed,no,no
search,search/src/brute_force.cpp,0,0,0,0,unassessed,no,no
search,search/src/kdtree.cpp,0,0,0,0,unassessed,no,no
search,search/src/octree.cpp,0,0,0,0,unassessed,no,no
search,search/src/organized.cpp,0,0,0,0,unassessed,no,no
search,search/src/search.cpp,0,0,0,0,unassessed,no,no
segmentation,segmentation/include/pcl/segmentation/approximate_progressive_morphological_filter.h,0,0,0,0,unassessed,no,no
segmentation,segmentation/include/pcl/segmentation/comparator.h,0,0,0,0,unassessed,no,no
segmentation,segmentation/include/pcl/segmentation/conditional_euclidean_clustering.h,0,0,0,0,unassessed,no,no
segmentation,segmentation/include/pcl/segmentation/cpc_segmentation.h,0,0,0,0,unassessed,no,no
segmentation,segmentation/include/pcl/segmentation/crf_normal_segmentation.h,0,0,0,0,unassessed,no,no
segmentation,segmentation/include/pcl/segmentation/crf_segmentation.h,0,0,0,0,unassessed,no,no
segmentation,segmentation/include/pcl/segmentation/edge_aware_plane_comparator.h,0,0,0,0,unassessed,no,no
segmentation,segmentation/include/pcl/segmentation/euclidean_cluster_comparator.h,0,0,0,0,unassessed,no,no
segmentation,segmentation/include/pcl/segmentation/euclidean_plane_coefficient_comparator.h,0,0,0,0,unassessed,no,no
segmentation,segmentation/include/pcl/segmentation/extract_clusters.h,0,0,0,0,unassessed,no,no
segmentation,segmentation/include/pcl/segmentation/extract_labeled_clusters.h,0,0,0,0,unassessed,no,no
segmentation,segmentation/include/pcl/segmentation/extract_polygonal_prism_data.h,0,0,0,0,unassessed,no,no
segmentation,segmentation/include/pcl/segmentation/grabcut_segmentation.h,0,0,0,0,unassessed,no,no
segmentation,segmentation/include/pcl/segmentation/ground_plane_comparator.h,0,0,0,0,unassessed,no,no
segmentation,segmentation/include/pcl/segmentation/impl/approximate_progressive_morphological_filter.hpp,0,0,0,0,unassessed,no,no
segmentation,segmentation/include/pcl/segmentation/impl/conditional_euclidean_clustering.hpp,0,0,0,0,unassessed,no,no
segmentation,segmentation/include/pcl/segmentation/impl/cpc_segmentation.hpp,0,0,0,0,unassessed,no,no
segmentation,segmentation/include/pcl/segmentation/impl/crf_normal_segmentation.hpp,0,0,0,0,unassessed,no,no
segmentation,segmentation/include/pcl/segmentation/impl/crf_segmentation.hpp,0,0,0,0,unassessed,no,no
segmentation,segmentation/include/pcl/segmentation/impl/extract_clusters.hpp,0,0,0,0,unassessed,no,no
segmentation,segmentation/include/pcl/segmentation/impl/extract_labeled_clusters.hpp,0,0,0,0,unassessed,no,no
segmentation,segmentation/include/pcl/segmentation/impl/extract_polygonal_prism_data.hpp,0,0,0,0,unassessed,no,no
segmentation,segmentation/include/pcl/segmentation/impl/grabcut_segmentation.hpp,0,0,0,0,unassessed,no,no
segmentation,segmentation/include/pcl/segmentation/impl/lccp_segmentation.hpp,0,0,0,0,unassessed,no,no
segmentation,segmentation/include/pcl/segmentation/impl/min_cut_segmentation.hpp,0,0,0,0,unassessed,no,no
segmentation,segmentation/include/pcl/segmentation/impl/organized_connected_component_segmentation.hpp,0,0,0,0,unassessed,no,no
segmentation,segmentation/include/pcl/segmentation/impl/organized_multi_plane_segmentation.hpp,0,0,0,0,unassessed,no,no
segmentation,segmentation/include/pcl/segmentation/impl/planar_polygon_fusion.hpp,0,0,0,0,unassessed,no,no
segmentation,segmentation/include/pcl/segmentation/impl/progressive_morphological_filter.hpp,0,0,0,0,unassessed,no,no
segmentation,segmentation/include/pcl/segmentation/impl/random_walker.hpp,0,0,0,0,unassessed,no,no
segmentation,segmentation/include/pcl/segmentation/impl/region_growing.hpp,0,0,0,0,unassessed,no,no
segmentation,segmentation/include/pcl/segmentation/impl/region_growing_rgb.hpp,0,0,0,0,unassessed,no,no
segmentation,segmentation/include/pcl/segmentation/impl/sac_segmentation.hpp,0,0,0,0,unassessed,no,no
segmentation,segmentation/include/pcl/segmentation/impl/seeded_hue_segmentation.hpp,0,0,0,0,unassessed,no,no
segmentation,segmentation/include/pcl/segmentation/impl/segment_differences.hpp,0,0,0,0,unassessed,no,no
segmentation,segmentation/include/pcl/segmentation/impl/supervoxel_clustering.hpp,0,0,0,0,unassessed,no,no
segmentation,segmentation/include/pcl/segmentation/impl/unary_classifier.hpp,0,0,0,0,unassessed,no,no
segmentation,segmentation/include/pcl/segmentation/lccp_segmentation.h,0,0,0,0,unassessed,no,no
segmentation,segmentation/include/pcl/segmentation/min_cut_segmentation.h,0,0,0,0,unassessed,no,no
segmentation,segmentation/include/pcl/segmentation/organized_connected_component_segmentation.h,0,0,0,0,unassessed,no,no
segmentation,segmentation/include/pcl/segmentation/organized_multi_plane_segmentation.h,0,0,0,0,unassessed,no,no
segmentation,segmentation/include/pcl/segmentation/planar_polygon_fusion.h,0,0,0,0,unassessed,no,no
segmentation,segmentation/include/pcl/segmentation/planar_region.h,0,0,0,0,unassessed,no,no
segmentation,segmentation/include/pcl/segmentation/plane_coefficient_comparator.h,0,0,0,0,unassessed,no,no
segmentation,segmentation/include/pcl/segmentation/plane_refinement_comparator.h,0,0,0,0,unassessed,no,no
segmentation,segmentation/include/pcl/segmentation/progressive_morphological_filter.h,0,0,0,0,unassessed,no,no
segmentation,segmentation/include/pcl/segmentation/random_walker.h,0,0,0,0,unassessed,no,no
segmentation,segmentation/include/pcl/segmentation/region_3d.h,0,0,0,0,unassessed,no,no
segmentation,segmentation/include/pcl/segmentation/region_growing.h,0,0,0,0,unassessed,no,no
segmentation,segmentation/include/pcl/segmentation/region_growing_rgb.h,0,0,0,0,unassessed,no,no
segmentation,segmentation/include/pcl/segmentation/rgb_plane_coefficient_comparator.h,0,0,0,0,unassessed,no,no
segmentation,segmentation/include/pcl/segmentation/sac_segmentation.h,0,0,0,0,unassessed,no,no
segmentation,segmentation/include/pcl/segmentation/seeded_hue_segmentation.h,0,0,0,0,unassessed,no,no
segmentation,segmentation/include/pcl/segmentation/segment_differences.h,0,0,0,0,unassessed,no,no
segmentation,segmentation/include/pcl/segmentation/supervoxel_clustering.h,0,0,0,0,unassessed,no,no
segmentation,segmentation/include/pcl/segmentation/unary_classifier.h,0,0,0,0,unassessed,no,no
segmentation,segmentation/src/approximate_progressive_morphological_filter.cpp,0,0,0,0,unassessed,no,no
segmentation,segmentation/src/conditional_euclidean_clustering.cpp,0,0,0,0,unassessed,no,no
segmentation,segmentation/src/cpc_segmentation.cpp,0,0,0,0,unassessed,no,no
segmentation,segmentation/src/crf_segmentation.cpp,0,0,0,0,unassessed,no,no
segmentation,segmentation/src/extract_clusters.cpp,0,0,0,0,unassessed,no,no
segmentation,segmentation/src/extract_polygonal_prism_data.cpp,0,0,0,0,unassessed,no,no
segmentation,segmentation/src/grabcut_segmentation.cpp,0,0,0,0,unassessed,no,no
segmentation,segmentation/src/lccp_segmentation.cpp,0,0,0,0,unassessed,no,no
segmentation,segmentation/src/min_cut_segmentation.cpp,0,0,0,0,unassessed,no,no
segmentation,segmentation/src/organized_connected_component_segmentation.cpp,0,0,0,0,unassessed,no,no
segmentation,segmentation/src/organized_multi_plane_segmentation.cpp,0,0,0,0,unassessed,no,no
segmentation,segmentation/src/planar_polygon_fusion.cpp,0,0,0,0,unassessed,no,no
segmentation,segmentation/src/progressive_morphological_filter.cpp,0,0,0,0,unassessed,no,no
segmentation,segmentation/src/region_growing.cpp,0,0,0,0,unassessed,no,no
segmentation,segmentation/src/region_growing_rgb.cpp,0,0,0,0,unassessed,no,no
segmentation,segmentation/src/sac_segmentation.cpp,0,0,0,0,unassessed,no,no
segmentation,segmentation/src/seeded_hue_segmentation.cpp,0,0,0,0,unassessed,no,no
segmentation,segmentation/src/segment_differences.cpp,0,0,0,0,unassessed,no,no
segmentation,segmentation/src/supervoxel_clustering.cpp,0,0,0,0,unassessed,no,no
segmentation,segmentation/src/unary_classifier.cpp,0,0,0,0,unassessed,no,no
simulation,simulation/include/pcl/simulation/camera.h,0,0,0,0,unassessed,no,no
simulation,simulation/include/pcl/simulation/glsl_shader.h,0,0,0,0,unassessed,no,no
simulation,simulation/include/pcl/simulation/model.h,0,0,0,0,unassessed,no,no
simulation,simulation/include/pcl/simulation/range_likelihood.h,0,0,0,0,unassessed,no,no
simulation,simulation/include/pcl/simulation/scene.h,0,0,0,0,unassessed,no,no
simulation,simulation/include/pcl/simulation/sum_reduce.h,0,0,0,0,unassessed,no,no
simulation,simulation/src/camera.cpp,0,0,0,0,unassessed,no,no
simulation,simulation/src/glsl_shader.cpp,0,0,0,0,unassessed,no,no
simulation,simulation/src/model.cpp,0,0,0,0,unassessed,no,no
simulation,simulation/src/range_likelihood.cpp,0,0,0,0,unassessed,no,no
simulation,simulation/src/scene.cpp,0,0,0,0,unassessed,no,no
simulation,simulation/src/sum_reduce.cpp,0,0,0,0,unassessed,no,no
simulation,simulation/tools/sim_terminal_demo.cpp,0,0,0,0,unassessed,no,no
simulation,simulation/tools/sim_test_performance.cpp,0,0,0,0,unassessed,no,no
simulation,simulation/tools/sim_test_simple.cpp,0,0,0,0,unassessed,no,no
simulation,simulation/tools/sim_viewer.cpp,0,0,0,0,unassessed,no,no
simulation,simulation/tools/simulation_io.cpp,0,0,0,0,unassessed,no,no
simulation,simulation/tools/simulation_io.hpp,0,0,0,0,unassessed,no,no
stereo,stereo/include/pcl/stereo/digital_elevation_map.h,0,0,0,0,unassessed,no,no
stereo,stereo/include/pcl/stereo/disparity_map_converter.h,0,0,0,0,unassessed,no,no
stereo,stereo/include/pcl/stereo/impl/disparity_map_converter.hpp,0,0,0,0,unassessed,no,no
stereo,stereo/include/pcl/stereo/stereo_grabber.h,0,0,0,0,unassessed,no,no
stereo,stereo/include/pcl/stereo/stereo_matching.h,0,0,0,0,unassessed,no,no
stereo,stereo/src/digital_elevation_map.cpp,0,0,0,0,unassessed,no,no
stereo,stereo/src/disparity_map_converter.cpp,0,0,0,0,unassessed,no,no
stereo,stereo/src/stereo_adaptive_cost_so.cpp,0,0,0,0,unassessed,no,no
stereo,stereo/src/stereo_block_based.cpp,0,0,0,0,unassessed,no,no
stereo,stereo/src/stereo_grabber.cpp,0,0,0,0,unassessed,no,no
stereo,stereo/src/stereo_matching.cpp,0,0,0,0,unassessed,no,no
surface,surface/include/pcl/surface/3rdparty/opennurbs/examples_linking_pragmas.h,0,0,0,0,unassessed,no,no
surface,surface/include/pcl/surface/3rdparty/opennurbs/opennurbs.h,0,0,0,0,unassessed,no,no
surface,surface/include/pcl/surface/3rdparty/opennurbs/opennurbs_3dm.h,0,0,0,0,unassessed,no,no
surface,surface/include/pcl/surface/3rdparty/opennurbs/opennurbs_3dm_attributes.h,0,0,0,0,unassessed,no,no
surface,surface/include/pcl/surface/3rdparty/opennurbs/opennurbs_3dm_properties.h,0,0,0,0,unassessed,no,no
surface,surface/include/pcl/surface/3rdparty/opennurbs/opennurbs_3dm_settings.h,0,0,0,0,unassessed,no,no
surface,surface/include/pcl/surface/3rdparty/opennurbs/opennurbs_annotation.h,0,0,0,0,unassessed,no,no
surface,surface/include/pcl/surface/3rdparty/opennurbs/opennurbs_annotation2.h,0,0,0,0,unassessed,no,no
surface,surface/include/pcl/surface/3rdparty/opennurbs/opennurbs_arc.h,0,0,0,0,unassessed,no,no
surface,surface/include/pcl/surface/3rdparty/opennurbs/opennurbs_arccurve.h,0,0,0,0,unassessed,no,no
surface,surface/include/pcl/surface/3rdparty/opennurbs/opennurbs_archive.h,0,0,0,0,unassessed,no,no
surface,surface/include/pcl/surface/3rdparty/opennurbs/opennurbs_array.h,0,0,0,0,unassessed,no,no
surface,surface/include/pcl/surface/3rdparty/opennurbs/opennurbs_array_defs.h,0,0,0,0,unassessed,no,no
surface,surface/include/pcl/surface/3rdparty/opennurbs/opennurbs_base32.h,0,0,0,0,unassessed,no,no
surface,surface/include/pcl/surface/3rdparty/opennurbs/opennurbs_base64.h,0,0,0,0,unassessed,no,no
surface,surface/include/pcl/surface/3rdparty/opennurbs/opennurbs_beam.h,0,0,0,0,unassessed,no,no
surface,surface/include/pcl/surface/3rdparty/opennurbs/opennurbs_bezier.h,0,0,0,0,unassessed,no,no
surface,surface/include/pcl/surface/3rdparty/opennurbs/opennurbs_bitmap.h,0,0,0,0,unassessed,no,no
surface,surface/include/pcl/surface/3rdparty/opennurbs/opennurbs_bounding_box.h,0,0,0,0,unassessed,no,no
surface,surface/include/pcl/surface/3rdparty/opennurbs/opennurbs_box.h,0,0,0,0,unassessed,no,no
surface,surface/include/pcl/surface/3rdparty/opennurbs/opennurbs_brep.h,0,0,0,0,unassessed,no,no
surface,surface/include/pcl/surface/3rdparty/opennurbs/opennurbs_circle.h,0,0,0,0,unassessed,no,no
surface,surface/include/pcl/surface/3rdparty/opennurbs/opennurbs_color.h,0,0,0,0,unassessed,no,no
surface,surface/include/pcl/surface/3rdparty/opennurbs/opennurbs_compress.h,0,0,0,0,unassessed,no,no
surface,surface/include/pcl/surface/3rdparty/opennurbs/opennurbs_cone.h,0,0,0,0,unassessed,no,no
surface,surface/include/pcl/surface/3rdparty/opennurbs/opennurbs_crc.h,0,0,0,0,unassessed,no,no
surface,surface/include/pcl/surface/3rdparty/opennurbs/opennurbs_curve.h,0,0,0,0,unassessed,no,no
surface,surface/include/pcl/surface/3rdparty/opennurbs/opennurbs_curveonsurface.h,0,0,0,0,unassessed,no,no
surface,surface/include/pcl/surface/3rdparty/opennurbs/opennurbs_curveproxy.h,0,0,0,0,unassessed,no,no
surface,surface/include/pcl/surface/3rdparty/opennurbs/opennurbs_cylinder.h,0,0,0,0,unassessed,no,no
surface,surface/include/pcl/surface/3rdparty/opennurbs/opennurbs_defines.h,0,0,0,0,unassessed,no,no
surface,surface/include/pcl/surface/3rdparty/opennurbs/opennurbs_detail.h,0,0,0,0,unassessed,no,no
surface,surface/include/pcl/surface/3rdparty/opennurbs/opennurbs_dimstyle.h,0,0,0,0,unassessed,no,no
surface,surface/include/pcl/surface/3rdparty/opennurbs/opennurbs_dll_resource.h,0,0,0,0,unassessed,no,no
surface,surface/include/pcl/surface/3rdparty/opennurbs/opennurbs_ellipse.h,0,0,0,0,unassessed,no,no
surface,surface/include/pcl/surface/3rdparty/opennurbs/opennurbs_error.h,0,0,0,0,unassessed,no,no
surface,surface/include/pcl/surface/3rdparty/opennurbs/opennurbs_evaluate_nurbs.h,0,0,0,0,unassessed,no,no
surface,surface/include/pcl/surface/3rdparty/opennurbs/opennurbs_extensions.h,0,0,0,0,unassessed,no,no
surface,surface/include/pcl/surface/3rdparty/opennurbs/opennurbs_font.h,0,0,0,0,unassessed,no,no
surface,surface/include/pcl/surface/3rdparty/opennurbs/opennurbs_fpoint.h,0,0,0,0,unassessed,no,no
surface,surface/include/pcl/surface/3rdparty/opennurbs/opennurbs_fsp.h,0,0,0,0,unassessed,no,no
surface,surface/include/pcl/surface/3rdparty/opennurbs/opennurbs_fsp_defs.h,0,0,0,0,unassessed,no,no
surface,surface/include/pcl/surface/3rdparty/opennurbs/opennurbs_geometry.h,0,0,0,0,unassessed,no,no
surface,surface/include/pcl/surface/3rdparty/opennurbs/opennurbs_gl.h,0,0,0,0,unassessed,no,no
surface,surface/include/pcl/surface/3rdparty/opennurbs/opennurbs_group.h,0,0,0,0,unassessed,no,no
surface,surface/include/pcl/surface/3rdparty/opennurbs/opennurbs_hatch.h,0,0,0,0,unassessed,no,no
surface,surface/include/pcl/surface/3rdparty/opennurbs/opennurbs_hsort_template.h,0,0,0,0,unassessed,no,no
surface,surface/include/pcl/surface/3rdparty/opennurbs/opennurbs_instance.h,0,0,0,0,unassessed,no,no
surface,surface/include/pcl/surface/3rdparty/opennurbs/opennurbs_intersect.h,0,0,0,0,unassessed,no,no
surface,surface/include/pcl/surface/3rdparty/opennurbs/opennurbs_knot.h,0,0,0,0,unassessed,no,no
surface,surface/include/pcl/surface/3rdparty/opennurbs/opennurbs_layer.h,0,0,0,0,unassessed,no,no
surface,surface/include/pcl/surface/3rdparty/opennurbs/opennurbs_light.h,0,0,0,0,unassessed,no,no
surface,surface/include/pcl/surface/3rdparty/opennurbs/opennurbs_line.h,0,0,0,0,unassessed,no,no
surface,surface/include/pcl/surface/3rdparty/opennurbs/opennurbs_linecurve.h,0,0,0,0,unassessed,no,no
surface,surface/include/pcl/surface/3rdparty/opennurbs/opennurbs_linestyle.h,0,0,0,0,unassessed,no,no
surface,surface/include/pcl/surface/3rdparty/opennurbs/opennurbs_linetype.h,0,0,0,0,unassessed,no,no
surface,surface/include/pcl/surface/3rdparty/opennurbs/opennurbs_lookup.h,0,0,0,0,unassessed,no,no
surface,surface/include/pcl/surface/3rdparty/opennurbs/opennurbs_mapchan.h,0,0,0,0,unassessed,no,no
surface,surface/include/pcl/surface/3rdparty/opennurbs/opennurbs_material.h,0,0,0,0,unassessed,no,no
surface,surface/include/pcl/surface/3rdparty/opennurbs/opennurbs_math.h,0,0,0,0,unassessed,no,no
surface,surface/include/pcl/surface/3rdparty/opennurbs/opennurbs_matrix.h,0,0,0,0,unassessed,no,no
surface,surface/include/pcl/surface/3rdparty/opennurbs/opennurbs_memory.h,0,0,0,0,unassessed,no,no
surface,surface/include/pcl/surface/3rdparty/opennurbs/opennurbs_mesh.h,0,0,0,0,unassessed,no,no
surface,surface/include/pcl/surface/3rdparty/opennurbs/opennurbs_nurbscurve.h,0,0,0,0,unassessed,no,no
surface,surface/include/pcl/surface/3rdparty/opennurbs/opennurbs_nurbssurface.h,0,0,0,0,unassessed,no,no
surface,surface/include/pcl/surface/3rdparty/opennurbs/opennurbs_object.h,0,0,0,0,unassessed,no,no
surface,surface/include/pcl/surface/3rdparty/opennurbs/opennurbs_object_history.h,0,0,0,0,unassessed,no,no
surface,surface/include/pcl/surface/3rdparty/opennurbs/opennurbs_objref.h,0,0,0,0,unassessed,no,no
surface,surface/include/pcl/surface/3rdparty/opennurbs/opennurbs_offsetsurface.h,0,0,0,0,unassessed,no,no
surface,surface/include/pcl/surface/3rdparty/opennurbs/opennurbs_optimize.h,0,0,0,0,unassessed,no,no
surface,surface/include/pcl/surface/3rdparty/opennurbs/opennurbs_plane.h,0,0,0,0,unassessed,no,no
surface,surface/include/pcl/surface/3rdparty/opennurbs/opennurbs_planesurface.h,0,0,0,0,unassessed,no,no
surface,surface/include/pcl/surface/3rdparty/opennurbs/opennurbs_pluginlist.h,0,0,0,0,unassessed,no,no
surface,surface/include/pcl/surface/3rdparty/opennurbs/opennurbs_point.h,0,0,0,0,unassessed,no,no
surface,surface/include/pcl/surface/3rdparty/opennurbs/opennurbs_pointcloud.h,0,0,0,0,unassessed,no,no
surface,surface/include/pcl/surface/3rdparty/opennurbs/opennurbs_pointgeometry.h,0,0,0,0,unassessed,no,no
surface,surface/include/pcl/surface/3rdparty/opennurbs/opennurbs_pointgrid.h,0,0,0,0,unassessed,no,no
surface,surface/include/pcl/surface/3rdparty/opennurbs/opennurbs_polycurve.h,0,0,0,0,unassessed,no,no
surface,surface/include/pcl/surface/3rdparty/opennurbs/opennurbs_polyedgecurve.h,0,0,0,0,unassessed,no,no
surface,surface/include/pcl/surface/3rdparty/opennurbs/opennurbs_polyline.h,0,0,0,0,unassessed,no,no
surface,surface/include/pcl/surface/3rdparty/opennurbs/opennurbs_polylinecurve.h,0,0,0,0,unassessed,no,no
surface,surface/include/pcl/surface/3rdparty/opennurbs/opennurbs_qsort_template.h,0,0,0,0,unassessed,no,no
surface,surface/include/pcl/surface/3rdparty/opennurbs/opennurbs_rand.h,0,0,0,0,unassessed,no,no
surface,surface/include/pcl/surface/3rdparty/opennurbs/opennurbs_rendering.h,0,0,0,0,unassessed,no,no
surface,surface/include/pcl/surface/3rdparty/opennurbs/opennurbs_revsurface.h,0,0,0,0,unassessed,no,no
surface,surface/include/pcl/surface/3rdparty/opennurbs/opennurbs_rtree.h,0,0,0,0,unassessed,no,no
surface,surface/include/pcl/surface/3rdparty/opennurbs/opennurbs_sphere.h,0,0,0,0,unassessed,no,no
surface,surface/include/pcl/surface/3rdparty/opennurbs/opennurbs_string.h,0,0,0,0,unassessed,no,no
surface,surface/include/pcl/surface/3rdparty/opennurbs/opennurbs_sumsurface.h,0,0,0,0,unassessed,no,no
surface,surface/include/pcl/surface/3rdparty/opennurbs/opennurbs_surface.h,0,0,0,0,unassessed,no,no
surface,surface/include/pcl/surface/3rdparty/opennurbs/opennurbs_surfaceproxy.h,0,0,0,0,unassessed,no,no
surface,surface/include/pcl/surface/3rdparty/opennurbs/opennurbs_system.h,0,0,0,0,unassessed,no,no
surface,surface/include/pcl/surface/3rdparty/opennurbs/opennurbs_textlog.h,0,0,0,0,unassessed,no,no
surface,surface/include/pcl/surface/3rdparty/opennurbs/opennurbs_texture.h,0,0,0,0,unassessed,no,no
surface,surface/include/pcl/surface/3rdparty/opennurbs/opennurbs_texture_mapping.h,0,0,0,0,unassessed,no,no
surface,surface/include/pcl/surface/3rdparty/opennurbs/opennurbs_torus.h,0,0,0,0,unassessed,no,no
surface,surface/include/pcl/surface/3rdparty/opennurbs/opennurbs_unicode.h,0,0,0,0,unassessed,no,no
surface,surface/include/pcl/surface/3rdparty/opennurbs/opennurbs_userdata.h,0,0,0,0,unassessed,no,no
surface,surface/include/pcl/surface/3rdparty/opennurbs/opennurbs_uuid.h,0,0,0,0,unassessed,no,no
surface,surface/include/pcl/surface/3rdparty/opennurbs/opennurbs_version.h,0,0,0,0,unassessed,no,no
surface,surface/include/pcl/surface/3rdparty/opennurbs/opennurbs_viewport.h,0,0,0,0,unassessed,no,no
surface,surface/include/pcl/surface/3rdparty/opennurbs/opennurbs_workspace.h,0,0,0,0,unassessed,no,no
surface,surface/include/pcl/surface/3rdparty/opennurbs/opennurbs_xform.h,0,0,0,0,unassessed,no,no
surface,surface/include/pcl/surface/3rdparty/opennurbs/opennurbs_zlib.h,0,0,0,0,unassessed,no,no
surface,surface/include/pcl/surface/3rdparty/poisson4/allocator.h,0,0,0,0,unassessed,no,no
surface,surface/include/pcl/surface/3rdparty/poisson4/binary_node.h,0,0,0,0,unassessed,no,no
surface,surface/include/pcl/surface/3rdparty/poisson4/bspline_data.h,0,0,0,0,unassessed,no,no
surface,surface/include/pcl/surface/3rdparty/poisson4/bspline_data.hpp,0,0,0,0,unassessed,no,no
surface,surface/include/pcl/surface/3rdparty/poisson4/factor.h,0,0,0,0,unassessed,no,no
surface,surface/include/pcl/surface/3rdparty/poisson4/function_data.h,0,0,0,0,unassessed,no,no
surface,surface/include/pcl/surface/3rdparty/poisson4/function_data.hpp,0,0,0,0,unassessed,no,no
surface,surface/include/pcl/surface/3rdparty/poisson4/geometry.h,0,0,0,0,unassessed,no,no
surface,surface/include/pcl/surface/3rdparty/poisson4/geometry.hpp,0,0,0,0,unassessed,no,no
surface,surface/include/pcl/surface/3rdparty/poisson4/marching_cubes_poisson.h,0,0,0,0,unassessed,no,no
surface,surface/include/pcl/surface/3rdparty/poisson4/mat.h,0,0,0,0,unassessed,no,no
surface,surface/include/pcl/surface/3rdparty/poisson4/mat.hpp,0,0,0,0,unassessed,no,no
surface,surface/include/pcl/surface/3rdparty/poisson4/multi_grid_octree_data.h,0,0,0,0,unassessed,no,no
surface,surface/include/pcl/surface/3rdparty/poisson4/multi_grid_octree_data.hpp,0,0,0,0,unassessed,no,no
surface,surface/include/pcl/surface/3rdparty/poisson4/octree_poisson.h,0,0,0,0,unassessed,no,no
surface,surface/include/pcl/surface/3rdparty/poisson4/octree_poisson.hpp,0,0,0,0,unassessed,no,no
surface,surface/include/pcl/surface/3rdparty/poisson4/poisson_exceptions.h,0,0,0,0,unassessed,no,no
surface,surface/include/pcl/surface/3rdparty/poisson4/polynomial.h,0,0,0,0,unassessed,no,no
surface,surface/include/pcl/surface/3rdparty/poisson4/polynomial.hpp,0,0,0,0,unassessed,no,no
surface,surface/include/pcl/surface/3rdparty/poisson4/ppolynomial.h,0,0,0,0,unassessed,no,no
surface,surface/include/pcl/surface/3rdparty/poisson4/ppolynomial.hpp,0,0,0,0,unassessed,no,no
surface,surface/include/pcl/surface/3rdparty/poisson4/sparse_matrix.h,0,0,0,0,unassessed,no,no
surface,surface/include/pcl/surface/3rdparty/poisson4/sparse_matrix.hpp,0,0,0,0,unassessed,no,no
surface,surface/include/pcl/surface/3rdparty/poisson4/vector.h,0,0,0,0,unassessed,no,no
surface,surface/include/pcl/surface/3rdparty/poisson4/vector.hpp,0,0,0,0,unassessed,no,no
surface,surface/include/pcl/surface/bilateral_upsampling.h,0,0,0,0,unassessed,no,no
surface,surface/include/pcl/surface/concave_hull.h,0,0,0,0,unassessed,no,no
surface,surface/include/pcl/surface/convex_hull.h,0,0,0,0,unassessed,no,no
surface,surface/include/pcl/surface/ear_clipping.h,0,0,0,0,unassessed,no,no
surface,surface/include/pcl/surface/gp3.h,0,0,0,0,unassessed,no,no
surface,surface/include/pcl/surface/grid_projection.h,0,0,0,0,unassessed,no,no
surface,surface/include/pcl/surface/impl/bilateral_upsampling.hpp,0,0,0,0,unassessed,no,no
surface,surface/include/pcl/surface/impl/concave_hull.hpp,0,0,0,0,unassessed,no,no
surface,surface/include/pcl/surface/impl/convex_hull.hpp,0,0,0,0,unassessed,no,no
surface,surface/include/pcl/surface/impl/gp3.hpp,0,0,0,0,unassessed,no,no
surface,surface/include/pcl/surface/impl/grid_projection.hpp,0,0,0,0,unassessed,no,no
surface,surface/include/pcl/surface/impl/marching_cubes.hpp,0,0,0,0,unassessed,no,no
surface,surface/include/pcl/surface/impl/marching_cubes_hoppe.hpp,0,0,0,0,unassessed,no,no
surface,surface/include/pcl/surface/impl/marching_cubes_rbf.hpp,0,0,0,0,unassessed,no,no
surface,surface/include/pcl/surface/impl/mls.hpp,0,0,0,0,unassessed,no,no
surface,surface/include/pcl/surface/impl/organized_fast_mesh.hpp,0,0,0,0,unassessed,no,no
surface,surface/include/pcl/surface/impl/poisson.hpp,0,0,0,0,unassessed,no,no
surface,surface/include/pcl/surface/impl/processing.hpp,0,0,0,0,unassessed,no,no
surface,surface/include/pcl/surface/impl/reconstruction.hpp,0,0,0,0,unassessed,no,no
surface,surface/include/pcl/surface/impl/surfel_smoothing.hpp,0,0,0,0,unassessed,no,no
surface,surface/include/pcl/surface/impl/texture_mapping.hpp,0,0,0,0,unassessed,no,no
surface,surface/include/pcl/surface/marching_cubes.h,0,0,0,0,unassessed,no,no
surface,surface/include/pcl/surface/marching_cubes_hoppe.h,0,0,0,0,unassessed,no,no
surface,surface/include/pcl/surface/marching_cubes_rbf.h,0,0,0,0,unassessed,no,no
surface,surface/include/pcl/surface/mls.h,0,0,0,0,unassessed,no,no
surface,surface/include/pcl/surface/on_nurbs/closing_boundary.h,0,0,0,0,unassessed,no,no
surface,surface/include/pcl/surface/on_nurbs/fitting_curve_2d.h,0,0,0,0,unassessed,no,no
surface,surface/include/pcl/surface/on_nurbs/fitting_curve_2d_apdm.h,0,0,0,0,unassessed,no,no
surface,surface/include/pcl/surface/on_nurbs/fitting_curve_2d_asdm.h,0,0,0,0,unassessed,no,no
surface,surface/include/pcl/surface/on_nurbs/fitting_curve_2d_atdm.h,0,0,0,0,unassessed,no,no
surface,surface/include/pcl/surface/on_nurbs/fitting_curve_2d_pdm.h,0,0,0,0,unassessed,no,no
surface,surface/include/pcl/surface/on_nurbs/fitting_curve_2d_sdm.h,0,0,0,0,unassessed,no,no
surface,surface/include/pcl/surface/on_nurbs/fitting_curve_2d_tdm.h,0,0,0,0,unassessed,no,no
surface,surface/include/pcl/surface/on_nurbs/fitting_curve_pdm.h,0,0,0,0,unassessed,no,no
surface,surface/include/pcl/surface/on_nurbs/fitting_cylinder_pdm.h,0,0,0,0,unassessed,no,no
surface,surface/include/pcl/surface/on_nurbs/fitting_sphere_pdm.h,0,0,0,0,unassessed,no,no
surface,surface/include/pcl/surface/on_nurbs/fitting_surface_im.h,0,0,0,0,unassessed,no,no
surface,surface/include/pcl/surface/on_nurbs/fitting_surface_pdm.h,0,0,0,0,unassessed,no,no
surface,surface/include/pcl/surface/on_nurbs/fitting_surface_tdm.h,0,0,0,0,unassessed,no,no
surface,surface/include/pcl/surface/on_nurbs/global_optimization_pdm.h,0,0,0,0,unassessed,no,no
surface,surface/include/pcl/surface/on_nurbs/global_optimization_tdm.h,0,0,0,0,unassessed,no,no
surface,surface/include/pcl/surface/on_nurbs/nurbs_data.h,0,0,0,0,unassessed,no,no
surface,surface/include/pcl/surface/on_nurbs/nurbs_solve.h,0,0,0,0,unassessed,no,no
surface,surface/include/pcl/surface/on_nurbs/nurbs_tools.h,0,0,0,0,unassessed,no,no
surface,surface/include/pcl/surface/on_nurbs/sequential_fitter.h,0,0,0,0,unassessed,no,no
surface,surface/include/pcl/surface/on_nurbs/sparse_mat.h,0,0,0,0,unassessed,no,no
surface,surface/include/pcl/surface/on_nurbs/triangulation.h,0,0,0,0,unassessed,no,no
surface,surface/include/pcl/surface/organized_fast_mesh.h,0,0,0,0,unassessed,no,no
surface,surface/include/pcl/surface/poisson.h,0,0,0,0,unassessed,no,no
surface,surface/include/pcl/surface/processing.h,0,0,0,0,unassessed,no,no
surface,surface/include/pcl/surface/qhull.h,0,0,0,0,unassessed,no,no
surface,surface/include/pcl/surface/reconstruction.h,0,0,0,0,unassessed,no,no
surface,surface/include/pcl/surface/simplification_remove_unused_vertices.h,0,0,0,0,unassessed,no,no
surface,surface/include/pcl/surface/surfel_smoothing.h,0,0,0,0,unassessed,no,no
surface,surface/include/pcl/surface/texture_mapping.h,0,0,0,0,unassessed,no,no
surface,surface/include/pcl/surface/vtk_smoothing/vtk.h,0,0,0,0,unassessed,no,no
surface,surface/include/pcl/surface/vtk_smoothing/vtk_mesh_quadric_decimation.h,0,0,0,0,unassessed,no,no
surface,surface/include/pcl/surface/vtk_smoothing/vtk_mesh_smoothing_laplacian.h,0,0,0,0,unassessed,no,no
surface,surface/include/pcl/surface/vtk_smoothing/vtk_mesh_smoothing_windowed_sinc.h,0,0,0,0,unassessed,no,no
surface,surface/include/pcl/surface/vtk_smoothing/vtk_mesh_subdivision.h,0,0,0,0,unassessed,no,no
surface,surface/include/pcl/surface/vtk_smoothing/vtk_utils.h,0,0,0,0,unassessed,no,no
surface,surface/src/3rdparty/opennurbs/opennurbs_3dm_attributes.cpp,0,0,0,0,unassessed,no,no
surface,surface/src/3rdparty/opennurbs/opennurbs_3dm_properties.cpp,0,0,0,0,unassessed,no,no
surface,surface/src/3rdparty/opennurbs/opennurbs_3dm_settings.cpp,0,0,0,0,unassessed,no,no
surface,surface/src/3rdparty/opennurbs/opennurbs_annotation.cpp,0,0,0,0,unassessed,no,no
surface,surface/src/3rdparty/opennurbs/opennurbs_annotation2.cpp,0,0,0,0,unassessed,no,no
surface,surface/src/3rdparty/opennurbs/opennurbs_arc.cpp,0,0,0,0,unassessed,no,no
surface,surface/src/3rdparty/opennurbs/opennurbs_arccurve.cpp,0,0,0,0,unassessed,no,no
surface,surface/src/3rdparty/opennurbs/opennurbs_archive.cpp,0,0,0,0,unassessed,no,no
surface,surface/src/3rdparty/opennurbs/opennurbs_array.cpp,0,0,0,0,unassessed,no,no
surface,surface/src/3rdparty/opennurbs/opennurbs_base32.cpp,0,0,0,0,unassessed,no,no
surface,surface/src/3rdparty/opennurbs/opennurbs_base64.cpp,0,0,0,0,unassessed,no,no
surface,surface/src/3rdparty/opennurbs/opennurbs_beam.cpp,0,0,0,0,unassessed,no,no
surface,surface/src/3rdparty/opennurbs/opennurbs_bezier.cpp,0,0,0,0,unassessed,no,no
surface,surface/src/3rdparty/opennurbs/opennurbs_beziervolume.cpp,0,0,0,0,unassessed,no,no
surface,surface/src/3rdparty/opennurbs/opennurbs_bitmap.cpp,0,0,0,0,unassessed,no,no
surface,surface/src/3rdparty/opennurbs/opennurbs_bounding_box.cpp,0,0,0,0,unassessed,no,no
surface,surface/src/3rdparty/opennurbs/opennurbs_box.cpp,0,0,0,0,unassessed,no,no
surface,surface/src/3rdparty/opennurbs/opennurbs_brep.cpp,0,0,0,0,unassessed,no,no
surface,surface/src/3rdparty/opennurbs/opennurbs_brep_extrude.cpp,0,0,0,0,unassessed,no,no
surface,surface/src/3rdparty/opennurbs/opennurbs_brep_io.cpp,0,0,0,0,unassessed,no,no
surface,surface/src/3rdparty/opennurbs/opennurbs_brep_isvalid.cpp,0,0,0,0,unassessed,no,no
surface,surface/src/3rdparty/opennurbs/opennurbs_brep_region.cpp,0,0,0,0,unassessed,no,no
surface,surface/src/3rdparty/opennurbs/opennurbs_brep_tools.cpp,0,0,0,0,unassessed,no,no
surface,surface/src/3rdparty/opennurbs/opennurbs_brep_v2valid.cpp,0,0,0,0,unassessed,no,no
surface,surface/src/3rdparty/opennurbs/opennurbs_circle.cpp,0,0,0,0,unassessed,no,no
surface,surface/src/3rdparty/opennurbs/opennurbs_color.cpp,0,0,0,0,unassessed,no,no
surface,surface/src/3rdparty/opennurbs/opennurbs_compress.cpp,0,0,0,0,unassessed,no,no
surface,surface/src/3rdparty/opennurbs/opennurbs_cone.cpp,0,0,0,0,unassessed,no,no
surface,surface/src/3rdparty/opennurbs/opennurbs_crc.cpp,0,0,0,0,unassessed,no,no
surface,surface/src/3rdparty/opennurbs/opennurbs_curve.cpp,0,0,0,0,unassessed,no,no
surface,surface/src/3rdparty/opennurbs/opennurbs_curveonsurface.cpp,0,0,0,0,unassessed,no,no
surface,surface/src/3rdparty/opennurbs/opennurbs_curveproxy.cpp,0,0,0,0,unassessed,no,no
surface,surface/src/3rdparty/opennurbs/opennurbs_cylinder.cpp,0,0,0,0,unassessed,no,no
surface,surface/src/3rdparty/opennurbs/opennurbs_defines.cpp,0,0,0,0,unassessed,no,no
surface,surface/src/3rdparty/opennurbs/opennurbs_detail.cpp,0,0,0,0,unassessed,no,no
surface,surface/src/3rdparty/opennurbs/opennurbs_dimstyle.cpp,0,0,0,0,unassessed,no,no
surface,surface/src/3rdparty/opennurbs/opennurbs_dll.cpp,0,0,0,0,unassessed,no,no
surface,surface/src/3rdparty/opennurbs/opennurbs_ellipse.cpp,0,0,0,0,unassessed,no,no
surface,surface/src/3rdparty/opennurbs/opennurbs_embedded_file.cpp,0,0,0,0,unassessed,no,no
surface,surface/src/3rdparty/opennurbs/opennurbs_error.cpp,0,0,0,0,unassessed,no,no
surface,surface/src/3rdparty/opennurbs/opennurbs_error_message.cpp,0,0,0,0,unassessed,no,no
surface,surface/src/3rdparty/opennurbs/opennurbs_evaluate_nurbs.cpp,0,0,0,0,unassessed,no,no
surface,surface/src/3rdparty/opennurbs/opennurbs_extensions.cpp,0,0,0,0,unassessed,no,no
surface,surface/src/3rdparty/opennurbs/opennurbs_font.cpp,0,0,0,0,unassessed,no,no
surface,surface/src/3rdparty/opennurbs/opennurbs_fsp.cpp,0,0,0,0,unassessed,no,no
surface,surface/src/3rdparty/opennurbs/opennurbs_geometry.cpp,0,0,0,0,unassessed,no,no
surface,surface/src/3rdparty/opennurbs/opennurbs_gl.cpp,0,0,0,0,unassessed,no,no
surface,surface/src/3rdparty/opennurbs/opennurbs_group.cpp,0,0,0,0,unassessed,no,no
surface,surface/src/3rdparty/opennurbs/opennurbs_hatch.cpp,0,0,0,0,unassessed,no,no
surface,surface/src/3rdparty/opennurbs/opennurbs_instance.cpp,0,0,0,0,unassessed,no,no
surface,surface/src/3rdparty/opennurbs/opennurbs_intersect.cpp,0,0,0,0,unassessed,no,no
surface,surface/src/3rdparty/opennurbs/opennurbs_knot.cpp,0,0,0,0,unassessed,no,no
surface,surface/src/3rdparty/opennurbs/opennurbs_layer.cpp,0,0,0,0,unassessed,no,no
surface,surface/src/3rdparty/opennurbs/opennurbs_light.cpp,0,0,0,0,unassessed,no,no
surface,surface/src/3rdparty/opennurbs/opennurbs_line.cpp,0,0,0,0,unassessed,no,no
surface,surface/src/3rdparty/opennurbs/opennurbs_linecurve.cpp,0,0,0,0,unassessed,no,no
surface,surface/src/3rdparty/opennurbs/opennurbs_linetype.cpp,0,0,0,0,unassessed,no,no
surface,surface/src/3rdparty/opennurbs/opennurbs_lookup.cpp,0,0,0,0,unassessed,no,no
surface,surface/src/3rdparty/opennurbs/opennurbs_material.cpp,0,0,0,0,unassessed,no,no
surface,surface/src/3rdparty/opennurbs/opennurbs_math.cpp,0,0,0,0,unassessed,no,no
surface,surface/src/3rdparty/opennurbs/opennurbs_matrix.cpp,0,0,0,0,unassessed,no,no
surface,surface/src/3rdparty/opennurbs/opennurbs_memory.c,0,0,0,0,unassessed,no,no
surface,surface/src/3rdparty/opennurbs/opennurbs_memory_util.c,0,0,0,0,unassessed,no,no
surface,surface/src/3rdparty/opennurbs/opennurbs_mesh.cpp,0,0,0,0,unassessed,no,no
surface,surface/src/3rdparty/opennurbs/opennurbs_mesh_ngon.cpp,0,0,0,0,unassessed,no,no
surface,surface/src/3rdparty/opennurbs/opennurbs_mesh_tools.cpp,0,0,0,0,unassessed,no,no
surface,surface/src/3rdparty/opennurbs/opennurbs_morph.cpp,0,0,0,0,unassessed,no,no
surface,surface/src/3rdparty/opennurbs/opennurbs_nurbscurve.cpp,0,0,0,0,unassessed,no,no
surface,surface/src/3rdparty/opennurbs/opennurbs_nurbssurface.cpp,0,0,0,0,unassessed,no,no
surface,surface/src/3rdparty/opennurbs/opennurbs_nurbsvolume.cpp,0,0,0,0,unassessed,no,no
surface,surface/src/3rdparty/opennurbs/opennurbs_object.cpp,0,0,0,0,unassessed,no,no
surface,surface/src/3rdparty/opennurbs/opennurbs_object_history.cpp,0,0,0,0,unassessed,no,no
surface,surface/src/3rdparty/opennurbs/opennurbs_objref.cpp,0,0,0,0,unassessed,no,no
surface,surface/src/3rdparty/opennurbs/opennurbs_offsetsurface.cpp,0,0,0,0,unassessed,no,no
surface,surface/src/3rdparty/opennurbs/opennurbs_optimize.cpp,0,0,0,0,unassessed,no,no
surface,surface/src/3rdparty/opennurbs/opennurbs_plane.cpp,0,0,0,0,unassessed,no,no
surface,surface/src/3rdparty/opennurbs/opennurbs_planesurface.cpp,0,0,0,0,unassessed,no,no
surface,surface/src/3rdparty/opennurbs/opennurbs_pluginlist.cpp,0,0,0,0,unassessed,no,no
surface,surface/src/3rdparty/opennurbs/opennurbs_point.cpp,0,0,0,0,unassessed,no,no
surface,surface/src/3rdparty/opennurbs/opennurbs_pointcloud.cpp,0,0,0,0,unassessed,no,no
surface,surface/src/3rdparty/opennurbs/opennurbs_pointgeometry.cpp,0,0,0,0,unassessed,no,no
surface,surface/src/3rdparty/opennurbs/opennurbs_pointgrid.cpp,0,0,0,0,unassessed,no,no
surface,surface/src/3rdparty/opennurbs/opennurbs_polycurve.cpp,0,0,0,0,unassessed,no,no
surface,surface/src/3rdparty/opennurbs/opennurbs_polyedgecurve.cpp,0,0,0,0,unassessed,no,no
surface,surface/src/3rdparty/opennurbs/opennurbs_polyline.cpp,0,0,0,0,unassessed,no,no
surface,surface/src/3rdparty/opennurbs/opennurbs_polylinecurve.cpp,0,0,0,0,unassessed,no,no
surface,surface/src/3rdparty/opennurbs/opennurbs_precompiledheader.cpp,0,0,0,0,unassessed,no,no
surface,surface/src/3rdparty/opennurbs/opennurbs_rand.cpp,0,0,0,0,unassessed,no,no
surface,surface/src/3rdparty/opennurbs/opennurbs_revsurface.cpp,0,0,0,0,unassessed,no,no
surface,surface/src/3rdparty/opennurbs/opennurbs_rtree.cpp,0,0,0,0,unassessed,no,no
surface,surface/src/3rdparty/opennurbs/opennurbs_sort.cpp,0,0,0,0,unassessed,no,no
surface,surface/src/3rdparty/opennurbs/opennurbs_sphere.cpp,0,0,0,0,unassessed,no,no
surface,surface/src/3rdparty/opennurbs/opennurbs_string.cpp,0,0,0,0,unassessed,no,no
surface,surface/src/3rdparty/opennurbs/opennurbs_sum.cpp,0,0,0,0,unassessed,no,no
surface,surface/src/3rdparty/opennurbs/opennurbs_sumsurface.cpp,0,0,0,0,unassessed,no,no
surface,surface/src/3rdparty/opennurbs/opennurbs_surface.cpp,0,0,0,0,unassessed,no,no
surface,surface/src/3rdparty/opennurbs/opennurbs_surfaceproxy.cpp,0,0,0,0,unassessed,no,no
surface,surface/src/3rdparty/opennurbs/opennurbs_textlog.cpp,0,0,0,0,unassessed,no,no
surface,surface/src/3rdparty/opennurbs/opennurbs_torus.cpp,0,0,0,0,unassessed,no,no
surface,surface/src/3rdparty/opennurbs/opennurbs_unicode.cpp,0,0,0,0,unassessed,no,no
surface,surface/src/3rdparty/opennurbs/opennurbs_userdata.cpp,0,0,0,0,unassessed,no,no
surface,surface/src/3rdparty/opennurbs/opennurbs_uuid.cpp,0,0,0,0,unassessed,no,no
surface,surface/src/3rdparty/opennurbs/opennurbs_viewport.cpp,0,0,0,0,unassessed,no,no
surface,surface/src/3rdparty/opennurbs/opennurbs_workspace.cpp,0,0,0,0,unassessed,no,no
surface,surface/src/3rdparty/opennurbs/opennurbs_wstring.cpp,0,0,0,0,unassessed,no,no
surface,surface/src/3rdparty/opennurbs/opennurbs_xform.cpp,0,0,0,0,unassessed,no,no
surface,surface/src/3rdparty/opennurbs/opennurbs_zlib.cpp,0,0,0,0,unassessed,no,no
surface,surface/src/3rdparty/opennurbs/opennurbs_zlib_memory.cpp,0,0,0,0,unassessed,no,no
surface,surface/src/3rdparty/poisson4/bspline_data.cpp,0,0,0,0,unassessed,no,no
surface,surface/src/3rdparty/poisson4/factor.cpp,0,0,0,0,unassessed,no,no
surface,surface/src/3rdparty/poisson4/geometry.cpp,0,0,0,0,unassessed,no,no
surface,surface/src/3rdparty/poisson4/marching_cubes_poisson.cpp,0,0,0,0,unassessed,no,no
surface,surface/src/bilateral_upsampling.cpp,0,0,0,0,unassessed,no,no
surface,surface/src/concave_hull.cpp,0,0,0,0,unassessed,no,no
surface,surface/src/convex_hull.cpp,0,0,0,0,unassessed,no,no
surface,surface/src/ear_clipping.cpp,0,0,0,0,unassessed,no,no
surface,surface/src/gp3.cpp,0,0,0,0,unassessed,no,no
surface,surface/src/grid_projection.cpp,0,0,0,0,unassessed,no,no
surface,surface/src/marching_cubes.cpp,0,0,0,0,unassessed,no,no
surface,surface/src/marching_cubes_hoppe.cpp,0,0,0,0,unassessed,no,no
surface,surface/src/marching_cubes_rbf.cpp,0,0,0,0,unassessed,no,no
surface,surface/src/mls.cpp,0,0,0,0,unassessed,no,no
surface,surface/src/on_nurbs/closing_boundary.cpp,0,0,0,0,unassessed,no,no
surface,surface/src/on_nurbs/fitting_curve_2d.cpp,0,0,0,0,unassessed,no,no
surface,surface/src/on_nurbs/fitting_curve_2d_apdm.cpp,0,0,0,0,unassessed,no,no
surface,surface/src/on_nurbs/fitting_curve_2d_asdm.cpp,0,0,0,0,unassessed,no,no
surface,surface/src/on_nurbs/fitting_curve_2d_atdm.cpp,0,0,0,0,unassessed,no,no
surface,surface/src/on_nurbs/fitting_curve_2d_pdm.cpp,0,0,0,0,unassessed,no,no
surface,surface/src/on_nurbs/fitting_curve_2d_sdm.cpp,0,0,0,0,unassessed,no,no
surface,surface/src/on_nurbs/fitting_curve_2d_tdm.cpp,0,0,0,0,unassessed,no,no
surface,surface/src/on_nurbs/fitting_curve_pdm.cpp,0,0,0,0,unassessed,no,no
surface,surface/src/on_nurbs/fitting_cylinder_pdm.cpp,0,0,0,0,unassessed,no,no
surface,surface/src/on_nurbs/fitting_sphere_pdm.cpp,0,0,0,0,unassessed,no,no
surface,surface/src/on_nurbs/fitting_surface_im.cpp,0,0,0,0,unassessed,no,no
surface,surface/src/on_nurbs/fitting_surface_pdm.cpp,0,0,0,0,unassessed,no,no
surface,surface/src/on_nurbs/fitting_surface_tdm.cpp,0,0,0,0,unassessed,no,no
surface,surface/src/on_nurbs/global_optimization_pdm.cpp,0,0,0,0,unassessed,no,no
surface,surface/src/on_nurbs/global_optimization_tdm.cpp,0,0,0,0,unassessed,no,no
surface,surface/src/on_nurbs/nurbs_solve_eigen.cpp,0,0,0,0,unassessed,no,no
surface,surface/src/on_nurbs/nurbs_solve_eigen_sparse.cpp,0,0,0,0,unassessed,no,no
surface,surface/src/on_nurbs/nurbs_solve_umfpack.cpp,0,0,0,0,unassessed,no,no
surface,surface/src/on_nurbs/nurbs_tools.cpp,0,0,0,0,unassessed,no,no
surface,surface/src/on_nurbs/sequential_fitter.cpp,0,0,0,0,unassessed,no,no
surface,surface/src/on_nurbs/sparse_mat.cpp,0,0,0,0,unassessed,no,no
surface,surface/src/on_nurbs/triangulation.cpp,0,0,0,0,unassessed,no,no
surface,surface/src/organized_fast_mesh.cpp,0,0,0,0,unassessed,no,no
surface,surface/src/poisson.cpp,0,0,0,0,unassessed,no,no
surface,surface/src/processing.cpp,0,0,0,0,unassessed,no,no
surface,surface/src/simplification_remove_unused_vertices.cpp,0,0,0,0,unassessed,no,no
surface,surface/src/surfel_smoothing.cpp,0,0,0,0,unassessed,no,no
surface,surface/src/texture_mapping.cpp,0,0,0,0,unassessed,no,no
surface,surface/src/vtk_smoothing/vtk_mesh_quadric_decimation.cpp,0,0,0,0,unassessed,no,no
surface,surface/src/vtk_smoothing/vtk_mesh_smoothing_laplacian.cpp,0,0,0,0,unassessed,no,no
surface,surface/src/vtk_smoothing/vtk_mesh_smoothing_windowed_sinc.cpp,0,0,0,0,unassessed,no,no
surface,surface/src/vtk_smoothing/vtk_mesh_subdivision.cpp,0,0,0,0,unassessed,no,no
surface,surface/src/vtk_smoothing/vtk_utils.cpp,0,0,0,0,unassessed,no,no
tracking,tracking/include/pcl/tracking/approx_nearest_pair_point_cloud_coherence.h,0,0,0,0,unassessed,no,no
tracking,tracking/include/pcl/tracking/coherence.h,0,0,0,0,unassessed,no,no
tracking,tracking/include/pcl/tracking/distance_coherence.h,0,0,0,0,unassessed,no,no
tracking,tracking/include/pcl/tracking/hsv_color_coherence.h,0,0,0,0,unassessed,no,no
tracking,tracking/include/pcl/tracking/impl/approx_nearest_pair_point_cloud_coherence.hpp,0,0,0,0,unassessed,no,no
tracking,tracking/include/pcl/tracking/impl/coherence.hpp,0,0,0,0,unassessed,no,no
tracking,tracking/include/pcl/tracking/impl/distance_coherence.hpp,0,0,0,0,unassessed,no,no
tracking,tracking/include/pcl/tracking/impl/hsv_color_coherence.hpp,0,0,0,0,unassessed,no,no
tracking,tracking/include/pcl/tracking/impl/kld_adaptive_particle_filter.hpp,0,0,0,0,unassessed,no,no
tracking,tracking/include/pcl/tracking/impl/kld_adaptive_particle_filter_omp.hpp,0,0,0,0,unassessed,no,no
tracking,tracking/include/pcl/tracking/impl/nearest_pair_point_cloud_coherence.hpp,0,0,0,0,unassessed,no,no
tracking,tracking/include/pcl/tracking/impl/normal_coherence.hpp,0,0,0,0,unassessed,no,no
tracking,tracking/include/pcl/tracking/impl/particle_filter.hpp,0,0,0,0,unassessed,no,no
tracking,tracking/include/pcl/tracking/impl/particle_filter_omp.hpp,0,0,0,0,unassessed,no,no
tracking,tracking/include/pcl/tracking/impl/pyramidal_klt.hpp,0,0,0,0,unassessed,no,no
tracking,tracking/include/pcl/tracking/impl/tracker.hpp,0,0,0,0,unassessed,no,no
tracking,tracking/include/pcl/tracking/impl/tracking.hpp,0,0,0,0,unassessed,no,no
tracking,tracking/include/pcl/tracking/kld_adaptive_particle_filter.h,0,0,0,0,unassessed,no,no
tracking,tracking/include/pcl/tracking/kld_adaptive_particle_filter_omp.h,0,0,0,0,unassessed,no,no
tracking,tracking/include/pcl/tracking/nearest_pair_point_cloud_coherence.h,0,0,0,0,unassessed,no,no
tracking,tracking/include/pcl/tracking/normal_coherence.h,0,0,0,0,unassessed,no,no
tracking,tracking/include/pcl/tracking/particle_filter.h,0,0,0,0,unassessed,no,no
tracking,tracking/include/pcl/tracking/particle_filter_omp.h,0,0,0,0,unassessed,no,no
tracking,tracking/include/pcl/tracking/pyramidal_klt.h,0,0,0,0,unassessed,no,no
tracking,tracking/include/pcl/tracking/tracker.h,0,0,0,0,unassessed,no,no
tracking,tracking/include/pcl/tracking/tracking.h,0,0,0,0,unassessed,no,no
tracking,tracking/src/coherence.cpp,0,0,0,0,unassessed,no,no
tracking,tracking/src/kld_adaptive_particle_filter.cpp,0,0,0,0,unassessed,no,no
tracking,tracking/src/particle_filter.cpp,0,0,0,0,unassessed,no,no
tracking,tracking/src/tracking.cpp,0,0,0,0,unassessed,no,no
visualization,visualization/include/pcl/visualization/area_picking_event.h,0,0,0,0,unassessed,no,no
visualization,visualization/include/pcl/visualization/boost.h,0,0,0,0,unassessed,no,no
visualization,visualization/include/pcl/visualization/cloud_viewer.h,0,0,0,0,unassessed,no,no
visualization,visualization/include/pcl/visualization/common/actor_map.h,0,0,0,0,unassessed,no,no
visualization,visualization/include/pcl/visualization/common/common.h,0,0,0,0,unassessed,no,no
visualization,visualization/include/pcl/visualization/common/float_image_utils.h,0,0,0,0,unassessed,no,no
visualization,visualization/include/pcl/visualization/common/impl/common.hpp,0,0,0,0,unassessed,no,no
visualization,visualization/include/pcl/visualization/common/impl/shapes.hpp,0,0,0,0,unassessed,no,no
visualization,visualization/include/pcl/visualization/common/io.h,0,0,0,0,unassessed,no,no
visualization,visualization/include/pcl/visualization/common/ren_win_interact_map.h,0,0,0,0,unassessed,no,no
visualization,visualization/include/pcl/visualization/common/shapes.h,0,0,0,0,unassessed,no,no
visualization,visualization/include/pcl/visualization/histogram_visualizer.h,0,0,0,0,unassessed,no,no
visualization,visualization/include/pcl/visualization/image_viewer.h,0,0,0,0,unassessed,no,no
visualization,visualization/include/pcl/visualization/impl/histogram_visualizer.hpp,0,0,0,0,unassessed,no,no
visualization,visualization/include/pcl/visualization/impl/image_viewer.hpp,0,0,0,0,unassessed,no,no
visualization,visualization/include/pcl/visualization/impl/pcl_plotter.hpp,0,0,0,0,unassessed,no,no
visualization,visualization/include/pcl/visualization/impl/pcl_visualizer.hpp,0,0,0,0,unassessed,no,no
visualization,visualization/include/pcl/visualization/impl/point_cloud_color_handlers.hpp,0,0,0,0,unassessed,no,no
visualization,visualization/include/pcl/visualization/impl/point_cloud_geometry_handlers.hpp,0,0,0,0,unassessed,no,no
visualization,visualization/include/pcl/visualization/impl/point_cloud_handlers.hpp,0,0,0,0,unassessed,no,no
visualization,visualization/include/pcl/visualization/impl/registration_visualizer.hpp,0,0,0,0,unassessed,no,no
visualization,visualization/include/pcl/visualization/interactor_style.h,0,0,0,0,unassessed,no,no
visualization,visualization/include/pcl/visualization/keyboard_event.h,0,0,0,0,unassessed,no,no
visualization,visualization/include/pcl/visualization/mouse_event.h,0,0,0,0,unassessed,no,no
visualization,visualization/include/pcl/visualization/pcl_painter2D.h,0,0,0,0,unassessed,no,no
visualization,visualization/include/pcl/visualization/pcl_plotter.h,0,0,0,0,unassessed,no,no
visualization,visualization/include/pcl/visualization/pcl_visualizer.h,0,0,0,0,unassessed,no,no
visualization,visualization/include/pcl/visualization/point_cloud_color_handlers.h,0,0,0,0,unassessed,no,no
visualization,visualization/include/pcl/visualization/point_cloud_geometry_handlers.h,0,0,0,0,unassessed,no,no
visualization,visualization/include/pcl/visualization/point_cloud_handlers.h,0,0,0,0,unassessed,no,no
visualization,visualization/include/pcl/visualization/point_picking_event.h,0,0,0,0,unassessed,no,no
visualization,visualization/include/pcl/visualization/qvtk_compatibility.h,0,0,0,0,unassessed,no,no
visualization,visualization/include/pcl/visualization/range_image_visualizer.h,0,0,0,0,unassessed,no,no
visualization,visualization/include/pcl/visualization/registration_visualizer.h,0,0,0,0,unassessed,no,no
visualization,visualization/include/pcl/visualization/simple_buffer_visualizer.h,0,0,0,0,unassessed,no,no
visualization,visualization/include/pcl/visualization/vtk/pcl_context_item.h,0,0,0,0,unassessed,no,no
visualization,visualization/include/pcl/visualization/vtk/pcl_image_canvas_source_2d.h,0,0,0,0,unassessed,no,no
visualization,visualization/include/pcl/visualization/vtk/pcl_vtk_compatibility.h,0,0,0,0,unassessed,no,no
visualization,visualization/include/pcl/visualization/vtk/vtkFixedXRenderWindowInteractor.h,0,0,0,0,unassessed,no,no
visualization,visualization/include/pcl/visualization/vtk/vtkRenderWindowInteractorFix.h,0,0,0,0,unassessed,no,no
visualization,visualization/include/pcl/visualization/window.h,0,0,0,0,unassessed,no,no
visualization,visualization/src/cloud_viewer.cpp,0,0,0,0,unassessed,no,no
visualization,visualization/src/common/common.cpp,0,0,0,0,unassessed,no,no
visualization,visualization/src/common/float_image_utils.cpp,0,0,0,0,unassessed,no,no
visualization,visualization/src/common/io.cpp,0,0,0,0,unassessed,no,no
visualization,visualization/src/common/ren_win_interact_map.cpp,0,0,0,0,unassessed,no,no
visualization,visualization/src/common/shapes.cpp,0,0,0,0,unassessed,no,no
visualization,visualization/src/histogram_visualizer.cpp,0,0,0,0,unassessed,no,no
visualization,visualization/src/image_viewer.cpp,0,0,0,0,unassessed,no,no
visualization,visualization/src/interactor_style.cpp,0,0,0,0,unassessed,no,no
visualization,visualization/src/pcl_painter2D.cpp,0,0,0,0,unassessed,no,no
visualization,visualization/src/pcl_plotter.cpp,0,0,0,0,unassessed,no,no
visualization,visualization/src/pcl_visualizer.cpp,0,0,0,0,unassessed,no,no
visualization,visualization/src/point_cloud_handlers.cpp,0,0,0,0,unassessed,no,no
visualization,visualization/src/point_picking_event.cpp,0,0,0,0,unassessed,no,no
visualization,visualization/src/range_image_visualizer.cpp,0,0,0,0,unassessed,no,no
visualization,visualization/src/vtk/pcl_context_item.cpp,0,0,0,0,unassessed,no,no
visualization,visualization/src/vtk/pcl_image_canvas_source_2d.cpp,0,0,0,0,unassessed,no,no
visualization,visualization/src/vtk/vtkRenderWindowInteractorFix.cpp,0,0,0,0,unassessed,no,no
visualization,visualization/src/window.cpp,0,0,0,0,unassessed,no,no
visualization,visualization/test/test.cpp,0,0,0,0,unassessed,no,no
visualization,visualization/test/test_geometry.cpp,0,0,0,0,unassessed,no,no
visualization,visualization/test/test_shapes.cpp,0,0,0,0,unassessed,no,no
visualization,visualization/test/test_shapes_multiport.cpp,0,0,0,0,unassessed,no,no
visualization,visualization/test/text_simple.cpp,0,0,0,0,unassessed,no,no
visualization,visualization/test/text_simple_multiport.cpp,0,0,0,0,unassessed,no,no
